<?xml version="1.0" encoding="UTF-8"?>
<!--

  Copyright : 2012 Freescale, Inc. All Rights Reserved.

  This configuration file is a standard interchange file that's format is maintained
  by Freescale, Inc. The configuration file is a derivative work
  of the Processor Expert Software technology licensed for use by customers
  as defined as SOFTWARE in the product's End User License Agreement. This file
  and format are free to use and distribute for read-only purposes. You do not have
  the right to create these files or modify this format or use for any purposes other
  than interchange with the Processor Expert Software technology.

  THIS SOFTWARE IS PROVIDED "AS IS".

  NO WARRANTIES, WHETHER EXPRESS, IMPLIED OR STATUTORY, INCLUDING, BUT NOT
  LIMITED TO, IMPLIED WARRANTIES OF MERCHANTABILITY AND FITNESS FOR A PARTICULAR
  PURPOSE APPLY TO THIS SOFTWARE. IN NO EVENT WILL FREESCALE BE LIABLE, WHETHER
  IN CONTRACT, TORT, OR OTHERWISE, FOR ANY INCIDENTAL, SPECIAL, INDIRECT,
  CONSEQUENTIAL OR PUNITIVE DAMAGES, INCLUDING, BUT NOT LIMITED TO, DAMAGES FOR
  ANY LOSS OF USE, LOSS OF TIME, INCONVENIENCE, COMMERCIAL LOSS, OR LOST PROFITS,
  SAVINGS, OR REVENUES TO THE FULL EXTENT SUCH MAY BE DISCLAIMED BY LAW.

-->
<export xmlns:xsi="http://www.w3.org/2001/XMLSchema-instance" xsi:noNamespaceSchemaLocation="ProjectInfoDescription.xsd">
  <PROCESSOR>
    <DeviceID>MKL25Z128xxx4</DeviceID>
    <CoreNum>1</CoreNum>
    <Cores>
      <Core>
        <CoreSet>Cortex-M0+</CoreSet>
      </Core>
    </Cores>
    <SRAMsize>16k</SRAMsize>
    <FLASHsize>128k</FLASHsize>
  </PROCESSOR>
  <PATHS>
    <LinkerCommandFile>C:\Users\tbsimmen\Documents\Wakanohana_Sumo\Project_Settings\Linker_Files\ProcessorExpert.ld</LinkerCommandFile>
    <IncludePaths>
      <Path>C:\Freescale\KDS_1.1.1\eclipse\ProcessorExpert\lib\Kinetis\pdd\inc\</Path>
      <Path>C:\Freescale\KDS_1.1.1\eclipse\ProcessorExpert\lib\Kinetis\iofiles\</Path>
      <Path>C:\Users\tbsimmen\Documents\Wakanohana_Sumo\Sources\</Path>
      <Path>C:\Users\tbsimmen\Documents\Wakanohana_Sumo\Generated_Code\</Path>
    </IncludePaths>
    <SourceCodePaths>
      <Path>C:\Users\tbsimmen\Documents\Wakanohana_Sumo\Generated_Code\</Path>
      <Path>C:\Users\tbsimmen\Documents\Wakanohana_Sumo\Project_Settings\Startup_Code\</Path>
      <Path>C:\Users\tbsimmen\Documents\Wakanohana_Sumo\Sources\Common\</Path>
      <Path>C:\Users\tbsimmen\Documents\Wakanohana_Sumo\Sources\</Path>
    </SourceCodePaths>
  </PATHS>
  <FILES>
    <GeneratedCs>
      <PathName>C:\Users\tbsimmen\Documents\Wakanohana_Sumo\Generated_Code\AS1.c</PathName>
      <PathName>C:\Users\tbsimmen\Documents\Wakanohana_Sumo\Generated_Code\ASerialLdd1.c</PathName>
      <PathName>C:\Users\tbsimmen\Documents\Wakanohana_Sumo\Generated_Code\BitIoLdd1.c</PathName>
      <PathName>C:\Users\tbsimmen\Documents\Wakanohana_Sumo\Generated_Code\BitIoLdd2.c</PathName>
      <PathName>C:\Users\tbsimmen\Documents\Wakanohana_Sumo\Generated_Code\BitIoLdd3.c</PathName>
      <PathName>C:\Users\tbsimmen\Documents\Wakanohana_Sumo\Generated_Code\BitIoLdd8.c</PathName>
      <PathName>C:\Users\tbsimmen\Documents\Wakanohana_Sumo\Generated_Code\BitIoLdd9.c</PathName>
      <PathName>C:\Users\tbsimmen\Documents\Wakanohana_Sumo\Generated_Code\CDC1.c</PathName>
      <PathName>C:\Users\tbsimmen\Documents\Wakanohana_Sumo\Generated_Code\CLS1.c</PathName>
      <PathName>C:\Users\tbsimmen\Documents\Wakanohana_Sumo\Generated_Code\CS1.c</PathName>
      <PathName>C:\Users\tbsimmen\Documents\Wakanohana_Sumo\Generated_Code\Cpu.c</PathName>
      <PathName>C:\Users\tbsimmen\Documents\Wakanohana_Sumo\Generated_Code\ExtIntLdd1.c</PathName>
      <PathName>C:\Users\tbsimmen\Documents\Wakanohana_Sumo\Generated_Code\ExtIntLdd2.c</PathName>
      <PathName>C:\Users\tbsimmen\Documents\Wakanohana_Sumo\Generated_Code\ExtIntLdd3.c</PathName>
      <PathName>C:\Users\tbsimmen\Documents\Wakanohana_Sumo\Generated_Code\ExtIntLdd4.c</PathName>
      <PathName>C:\Users\tbsimmen\Documents\Wakanohana_Sumo\Generated_Code\ExtIntLdd5.c</PathName>
      <PathName>C:\Users\tbsimmen\Documents\Wakanohana_Sumo\Generated_Code\FRTOS1.c</PathName>
      <PathName>C:\Users\tbsimmen\Documents\Wakanohana_Sumo\Generated_Code\HF1.c</PathName>
      <PathName>C:\Users\tbsimmen\Documents\Wakanohana_Sumo\Generated_Code\LedBit1.c</PathName>
      <PathName>C:\Users\tbsimmen\Documents\Wakanohana_Sumo\Generated_Code\LedBit2.c</PathName>
      <PathName>C:\Users\tbsimmen\Documents\Wakanohana_Sumo\Generated_Code\LedBit3.c</PathName>
      <PathName>C:\Users\tbsimmen\Documents\Wakanohana_Sumo\Generated_Code\PE_LDD.c</PathName>
      <PathName>C:\Users\tbsimmen\Documents\Wakanohana_Sumo\Generated_Code\PTA.c</PathName>
      <PathName>C:\Users\tbsimmen\Documents\Wakanohana_Sumo\Generated_Code\RTOSCNTRLDD1.c</PathName>
      <PathName>C:\Users\tbsimmen\Documents\Wakanohana_Sumo\Generated_Code\Rx1.c</PathName>
      <PathName>C:\Users\tbsimmen\Documents\Wakanohana_Sumo\Generated_Code\SW1.c</PathName>
      <PathName>C:\Users\tbsimmen\Documents\Wakanohana_Sumo\Generated_Code\SW2.c</PathName>
      <PathName>C:\Users\tbsimmen\Documents\Wakanohana_Sumo\Generated_Code\SW3.c</PathName>
      <PathName>C:\Users\tbsimmen\Documents\Wakanohana_Sumo\Generated_Code\SW4.c</PathName>
      <PathName>C:\Users\tbsimmen\Documents\Wakanohana_Sumo\Generated_Code\SW5.c</PathName>
      <PathName>C:\Users\tbsimmen\Documents\Wakanohana_Sumo\Generated_Code\SW6.c</PathName>
      <PathName>C:\Users\tbsimmen\Documents\Wakanohana_Sumo\Generated_Code\SW7.c</PathName>
      <PathName>C:\Users\tbsimmen\Documents\Wakanohana_Sumo\Generated_Code\TI1.c</PathName>
      <PathName>C:\Users\tbsimmen\Documents\Wakanohana_Sumo\Generated_Code\TU1.c</PathName>
      <PathName>C:\Users\tbsimmen\Documents\Wakanohana_Sumo\Generated_Code\TimerIntLdd2.c</PathName>
      <PathName>C:\Users\tbsimmen\Documents\Wakanohana_Sumo\Generated_Code\Tx1.c</PathName>
      <PathName>C:\Users\tbsimmen\Documents\Wakanohana_Sumo\Generated_Code\USB0.c</PathName>
      <PathName>C:\Users\tbsimmen\Documents\Wakanohana_Sumo\Generated_Code\USB1.c</PathName>
      <PathName>C:\Users\tbsimmen\Documents\Wakanohana_Sumo\Generated_Code\UTIL1.c</PathName>
      <PathName>C:\Users\tbsimmen\Documents\Wakanohana_Sumo\Generated_Code\Vectors.c</PathName>
      <PathName>C:\Users\tbsimmen\Documents\Wakanohana_Sumo\Generated_Code\WAIT1.c</PathName>
      <PathName>C:\Users\tbsimmen\Documents\Wakanohana_Sumo\Generated_Code\croutine.c</PathName>
      <PathName>C:\Users\tbsimmen\Documents\Wakanohana_Sumo\Generated_Code\event_groups.c</PathName>
      <PathName>C:\Users\tbsimmen\Documents\Wakanohana_Sumo\Generated_Code\heap_1.c</PathName>
      <PathName>C:\Users\tbsimmen\Documents\Wakanohana_Sumo\Generated_Code\heap_2.c</PathName>
      <PathName>C:\Users\tbsimmen\Documents\Wakanohana_Sumo\Generated_Code\heap_3.c</PathName>
      <PathName>C:\Users\tbsimmen\Documents\Wakanohana_Sumo\Generated_Code\heap_4.c</PathName>
      <PathName>C:\Users\tbsimmen\Documents\Wakanohana_Sumo\Generated_Code\list.c</PathName>
      <PathName>C:\Users\tbsimmen\Documents\Wakanohana_Sumo\Generated_Code\port.c</PathName>
      <PathName>C:\Users\tbsimmen\Documents\Wakanohana_Sumo\Generated_Code\queue.c</PathName>
      <PathName>C:\Users\tbsimmen\Documents\Wakanohana_Sumo\Generated_Code\tasks.c</PathName>
      <PathName>C:\Users\tbsimmen\Documents\Wakanohana_Sumo\Generated_Code\timers.c</PathName>
      <PathName>C:\Users\tbsimmen\Documents\Wakanohana_Sumo\Generated_Code\usb_cdc.c</PathName>
      <PathName>C:\Users\tbsimmen\Documents\Wakanohana_Sumo\Generated_Code\usb_cdc_pstn.c</PathName>
      <PathName>C:\Users\tbsimmen\Documents\Wakanohana_Sumo\Generated_Code\usb_class.c</PathName>
      <PathName>C:\Users\tbsimmen\Documents\Wakanohana_Sumo\Generated_Code\usb_dci_kinetis.c</PathName>
      <PathName>C:\Users\tbsimmen\Documents\Wakanohana_Sumo\Generated_Code\usb_descriptor.c</PathName>
      <PathName>C:\Users\tbsimmen\Documents\Wakanohana_Sumo\Generated_Code\usb_driver.c</PathName>
      <PathName>C:\Users\tbsimmen\Documents\Wakanohana_Sumo\Generated_Code\usb_framework.c</PathName>
      <PathName>C:\Users\tbsimmen\Documents\Wakanohana_Sumo\Generated_Code\wdt_kinetis.c</PathName>
      <PathName>C:\Users\tbsimmen\Documents\Wakanohana_Sumo\Project_Settings\Startup_Code\startup.c</PathName>
      <PathName>C:\Users\tbsimmen\Documents\Wakanohana_Sumo\Sources\Common\Application.c</PathName>
      <PathName>C:\Users\tbsimmen\Documents\Wakanohana_Sumo\Sources\Common\Buzzer.c</PathName>
      <PathName>C:\Users\tbsimmen\Documents\Wakanohana_Sumo\Sources\Common\Debounce.c</PathName>
      <PathName>C:\Users\tbsimmen\Documents\Wakanohana_Sumo\Sources\Common\Event.c</PathName>
      <PathName>C:\Users\tbsimmen\Documents\Wakanohana_Sumo\Sources\Common\KeyDebounce.c</PathName>
      <PathName>C:\Users\tbsimmen\Documents\Wakanohana_Sumo\Sources\Common\Keys.c</PathName>
      <PathName>C:\Users\tbsimmen\Documents\Wakanohana_Sumo\Sources\Common\LED.c</PathName>
      <PathName>C:\Users\tbsimmen\Documents\Wakanohana_Sumo\Sources\Common\Mealy.c</PathName>
      <PathName>C:\Users\tbsimmen\Documents\Wakanohana_Sumo\Sources\Common\Platform.c</PathName>
      <PathName>C:\Users\tbsimmen\Documents\Wakanohana_Sumo\Sources\Common\RTOS.c</PathName>
      <PathName>C:\Users\tbsimmen\Documents\Wakanohana_Sumo\Sources\Common\Reflectance.c</PathName>
      <PathName>C:\Users\tbsimmen\Documents\Wakanohana_Sumo\Sources\Common\Sem.c</PathName>
      <PathName>C:\Users\tbsimmen\Documents\Wakanohana_Sumo\Sources\Common\Shell.c</PathName>
      <PathName>C:\Users\tbsimmen\Documents\Wakanohana_Sumo\Sources\Common\ShellQueue.c</PathName>
      <PathName>C:\Users\tbsimmen\Documents\Wakanohana_Sumo\Sources\Common\Timer.c</PathName>
      <PathName>C:\Users\tbsimmen\Documents\Wakanohana_Sumo\Sources\Common\Trigger.c</PathName>
      <PathName>C:\Users\tbsimmen\Documents\Wakanohana_Sumo\Sources\Events.c</PathName>
      <PathName>C:\Users\tbsimmen\Documents\Wakanohana_Sumo\Sources\main.c</PathName>
    </GeneratedCs>
    <GeneratedHs>
      <PathName>C:\Users\tbsimmen\Documents\Wakanohana_Sumo\Generated_Code\AS1.h</PathName>
      <PathName>C:\Users\tbsimmen\Documents\Wakanohana_Sumo\Generated_Code\ASerialLdd1.h</PathName>
      <PathName>C:\Users\tbsimmen\Documents\Wakanohana_Sumo\Generated_Code\BitIoLdd1.h</PathName>
      <PathName>C:\Users\tbsimmen\Documents\Wakanohana_Sumo\Generated_Code\BitIoLdd2.h</PathName>
      <PathName>C:\Users\tbsimmen\Documents\Wakanohana_Sumo\Generated_Code\BitIoLdd3.h</PathName>
      <PathName>C:\Users\tbsimmen\Documents\Wakanohana_Sumo\Generated_Code\BitIoLdd8.h</PathName>
      <PathName>C:\Users\tbsimmen\Documents\Wakanohana_Sumo\Generated_Code\BitIoLdd9.h</PathName>
      <PathName>C:\Users\tbsimmen\Documents\Wakanohana_Sumo\Generated_Code\CDC1.h</PathName>
      <PathName>C:\Users\tbsimmen\Documents\Wakanohana_Sumo\Generated_Code\CLS1.h</PathName>
      <PathName>C:\Users\tbsimmen\Documents\Wakanohana_Sumo\Generated_Code\CS1.h</PathName>
      <PathName>C:\Users\tbsimmen\Documents\Wakanohana_Sumo\Generated_Code\Cpu.h</PathName>
      <PathName>C:\Users\tbsimmen\Documents\Wakanohana_Sumo\Generated_Code\ExtIntLdd1.h</PathName>
      <PathName>C:\Users\tbsimmen\Documents\Wakanohana_Sumo\Generated_Code\ExtIntLdd2.h</PathName>
      <PathName>C:\Users\tbsimmen\Documents\Wakanohana_Sumo\Generated_Code\ExtIntLdd3.h</PathName>
      <PathName>C:\Users\tbsimmen\Documents\Wakanohana_Sumo\Generated_Code\ExtIntLdd4.h</PathName>
      <PathName>C:\Users\tbsimmen\Documents\Wakanohana_Sumo\Generated_Code\ExtIntLdd5.h</PathName>
      <PathName>C:\Users\tbsimmen\Documents\Wakanohana_Sumo\Generated_Code\FRTOS1.h</PathName>
      <PathName>C:\Users\tbsimmen\Documents\Wakanohana_Sumo\Generated_Code\FSL_USB_Stack_Config.h</PathName>
      <PathName>C:\Users\tbsimmen\Documents\Wakanohana_Sumo\Generated_Code\FreeRTOS.h</PathName>
      <PathName>C:\Users\tbsimmen\Documents\Wakanohana_Sumo\Generated_Code\FreeRTOSConfig.h</PathName>
      <PathName>C:\Users\tbsimmen\Documents\Wakanohana_Sumo\Generated_Code\HF1.h</PathName>
      <PathName>C:\Users\tbsimmen\Documents\Wakanohana_Sumo\Generated_Code\IO_Map.h</PathName>
      <PathName>C:\Users\tbsimmen\Documents\Wakanohana_Sumo\Generated_Code\LedBit1.h</PathName>
      <PathName>C:\Users\tbsimmen\Documents\Wakanohana_Sumo\Generated_Code\LedBit2.h</PathName>
      <PathName>C:\Users\tbsimmen\Documents\Wakanohana_Sumo\Generated_Code\LedBit3.h</PathName>
      <PathName>C:\Users\tbsimmen\Documents\Wakanohana_Sumo\Generated_Code\PE_Const.h</PathName>
      <PathName>C:\Users\tbsimmen\Documents\Wakanohana_Sumo\Generated_Code\PE_Error.h</PathName>
      <PathName>C:\Users\tbsimmen\Documents\Wakanohana_Sumo\Generated_Code\PE_LDD.h</PathName>
      <PathName>C:\Users\tbsimmen\Documents\Wakanohana_Sumo\Generated_Code\PE_Types.h</PathName>
      <PathName>C:\Users\tbsimmen\Documents\Wakanohana_Sumo\Generated_Code\PTA.h</PathName>
      <PathName>C:\Users\tbsimmen\Documents\Wakanohana_Sumo\Generated_Code\RTOSCNTRLDD1.h</PathName>
      <PathName>C:\Users\tbsimmen\Documents\Wakanohana_Sumo\Generated_Code\Rx1.h</PathName>
      <PathName>C:\Users\tbsimmen\Documents\Wakanohana_Sumo\Generated_Code\SW1.h</PathName>
      <PathName>C:\Users\tbsimmen\Documents\Wakanohana_Sumo\Generated_Code\SW2.h</PathName>
      <PathName>C:\Users\tbsimmen\Documents\Wakanohana_Sumo\Generated_Code\SW3.h</PathName>
      <PathName>C:\Users\tbsimmen\Documents\Wakanohana_Sumo\Generated_Code\SW4.h</PathName>
      <PathName>C:\Users\tbsimmen\Documents\Wakanohana_Sumo\Generated_Code\SW5.h</PathName>
      <PathName>C:\Users\tbsimmen\Documents\Wakanohana_Sumo\Generated_Code\SW6.h</PathName>
      <PathName>C:\Users\tbsimmen\Documents\Wakanohana_Sumo\Generated_Code\SW7.h</PathName>
      <PathName>C:\Users\tbsimmen\Documents\Wakanohana_Sumo\Generated_Code\StackMacros.h</PathName>
      <PathName>C:\Users\tbsimmen\Documents\Wakanohana_Sumo\Generated_Code\TI1.h</PathName>
      <PathName>C:\Users\tbsimmen\Documents\Wakanohana_Sumo\Generated_Code\TU1.h</PathName>
      <PathName>C:\Users\tbsimmen\Documents\Wakanohana_Sumo\Generated_Code\TimerIntLdd2.h</PathName>
      <PathName>C:\Users\tbsimmen\Documents\Wakanohana_Sumo\Generated_Code\Tx1.h</PathName>
      <PathName>C:\Users\tbsimmen\Documents\Wakanohana_Sumo\Generated_Code\USB0.h</PathName>
      <PathName>C:\Users\tbsimmen\Documents\Wakanohana_Sumo\Generated_Code\USB1.h</PathName>
      <PathName>C:\Users\tbsimmen\Documents\Wakanohana_Sumo\Generated_Code\USB_Config.h</PathName>
      <PathName>C:\Users\tbsimmen\Documents\Wakanohana_Sumo\Generated_Code\UTIL1.h</PathName>
      <PathName>C:\Users\tbsimmen\Documents\Wakanohana_Sumo\Generated_Code\WAIT1.h</PathName>
      <PathName>C:\Users\tbsimmen\Documents\Wakanohana_Sumo\Generated_Code\croutine.h</PathName>
      <PathName>C:\Users\tbsimmen\Documents\Wakanohana_Sumo\Generated_Code\derivative.h</PathName>
      <PathName>C:\Users\tbsimmen\Documents\Wakanohana_Sumo\Generated_Code\event_groups.h</PathName>
      <PathName>C:\Users\tbsimmen\Documents\Wakanohana_Sumo\Generated_Code\hidef.h</PathName>
      <PathName>C:\Users\tbsimmen\Documents\Wakanohana_Sumo\Generated_Code\list.h</PathName>
      <PathName>C:\Users\tbsimmen\Documents\Wakanohana_Sumo\Generated_Code\mpu_wrappers.h</PathName>
      <PathName>C:\Users\tbsimmen\Documents\Wakanohana_Sumo\Generated_Code\portTicks.h</PathName>
      <PathName>C:\Users\tbsimmen\Documents\Wakanohana_Sumo\Generated_Code\portable.h</PathName>
      <PathName>C:\Users\tbsimmen\Documents\Wakanohana_Sumo\Generated_Code\portmacro.h</PathName>
      <PathName>C:\Users\tbsimmen\Documents\Wakanohana_Sumo\Generated_Code\projdefs.h</PathName>
      <PathName>C:\Users\tbsimmen\Documents\Wakanohana_Sumo\Generated_Code\queue.h</PathName>
      <PathName>C:\Users\tbsimmen\Documents\Wakanohana_Sumo\Generated_Code\semphr.h</PathName>
      <PathName>C:\Users\tbsimmen\Documents\Wakanohana_Sumo\Generated_Code\task.h</PathName>
      <PathName>C:\Users\tbsimmen\Documents\Wakanohana_Sumo\Generated_Code\timers.h</PathName>
      <PathName>C:\Users\tbsimmen\Documents\Wakanohana_Sumo\Generated_Code\types.h</PathName>
      <PathName>C:\Users\tbsimmen\Documents\Wakanohana_Sumo\Generated_Code\usb_bdt_kinetis.h</PathName>
      <PathName>C:\Users\tbsimmen\Documents\Wakanohana_Sumo\Generated_Code\usb_cdc.h</PathName>
      <PathName>C:\Users\tbsimmen\Documents\Wakanohana_Sumo\Generated_Code\usb_cdc_pstn.h</PathName>
      <PathName>C:\Users\tbsimmen\Documents\Wakanohana_Sumo\Generated_Code\usb_class.h</PathName>
      <PathName>C:\Users\tbsimmen\Documents\Wakanohana_Sumo\Generated_Code\usb_dci_kinetis.h</PathName>
      <PathName>C:\Users\tbsimmen\Documents\Wakanohana_Sumo\Generated_Code\usb_dciapi.h</PathName>
      <PathName>C:\Users\tbsimmen\Documents\Wakanohana_Sumo\Generated_Code\usb_descriptor.h</PathName>
      <PathName>C:\Users\tbsimmen\Documents\Wakanohana_Sumo\Generated_Code\usb_devapi.h</PathName>
      <PathName>C:\Users\tbsimmen\Documents\Wakanohana_Sumo\Generated_Code\usb_framework.h</PathName>
      <PathName>C:\Users\tbsimmen\Documents\Wakanohana_Sumo\Generated_Code\usb_user_config.h</PathName>
      <PathName>C:\Users\tbsimmen\Documents\Wakanohana_Sumo\Generated_Code\wdt_kinetis.h</PathName>
      <PathName>C:\Users\tbsimmen\Documents\Wakanohana_Sumo\Sources\Common\Application.h</PathName>
      <PathName>C:\Users\tbsimmen\Documents\Wakanohana_Sumo\Sources\Common\Buzzer.h</PathName>
      <PathName>C:\Users\tbsimmen\Documents\Wakanohana_Sumo\Sources\Common\Debounce.h</PathName>
      <PathName>C:\Users\tbsimmen\Documents\Wakanohana_Sumo\Sources\Common\Event.h</PathName>
      <PathName>C:\Users\tbsimmen\Documents\Wakanohana_Sumo\Sources\Common\KeyDebounce.h</PathName>
      <PathName>C:\Users\tbsimmen\Documents\Wakanohana_Sumo\Sources\Common\Keys.h</PathName>
      <PathName>C:\Users\tbsimmen\Documents\Wakanohana_Sumo\Sources\Common\LED.h</PathName>
      <PathName>C:\Users\tbsimmen\Documents\Wakanohana_Sumo\Sources\Common\Mealy.h</PathName>
      <PathName>C:\Users\tbsimmen\Documents\Wakanohana_Sumo\Sources\Common\Platform.h</PathName>
      <PathName>C:\Users\tbsimmen\Documents\Wakanohana_Sumo\Sources\Common\RTOS.h</PathName>
      <PathName>C:\Users\tbsimmen\Documents\Wakanohana_Sumo\Sources\Common\Reflectance.h</PathName>
      <PathName>C:\Users\tbsimmen\Documents\Wakanohana_Sumo\Sources\Common\Sem.h</PathName>
      <PathName>C:\Users\tbsimmen\Documents\Wakanohana_Sumo\Sources\Common\Shell.h</PathName>
      <PathName>C:\Users\tbsimmen\Documents\Wakanohana_Sumo\Sources\Common\ShellQueue.h</PathName>
      <PathName>C:\Users\tbsimmen\Documents\Wakanohana_Sumo\Sources\Common\Timer.h</PathName>
      <PathName>C:\Users\tbsimmen\Documents\Wakanohana_Sumo\Sources\Common\Trigger.h</PathName>
      <PathName>C:\Users\tbsimmen\Documents\Wakanohana_Sumo\Sources\Events.h</PathName>
      <PathName>C:\Freescale\KDS_1.1.1\eclipse\ProcessorExpert\lib\Kinetis\iofiles\MKL25Z4.h</PathName>
      <PathName>C:\Freescale\KDS_1.1.1\eclipse\ProcessorExpert\lib\Kinetis\pdd\inc\ADC_PDD.h</PathName>
      <PathName>C:\Freescale\KDS_1.1.1\eclipse\ProcessorExpert\lib\Kinetis\pdd\inc\CMP_PDD.h</PathName>
      <PathName>C:\Freescale\KDS_1.1.1\eclipse\ProcessorExpert\lib\Kinetis\pdd\inc\COP_PDD.h</PathName>
      <PathName>C:\Freescale\KDS_1.1.1\eclipse\ProcessorExpert\lib\Kinetis\pdd\inc\DAC_PDD.h</PathName>
      <PathName>C:\Freescale\KDS_1.1.1\eclipse\ProcessorExpert\lib\Kinetis\pdd\inc\DMAMUX_PDD.h</PathName>
      <PathName>C:\Freescale\KDS_1.1.1\eclipse\ProcessorExpert\lib\Kinetis\pdd\inc\DMA_PDD.h</PathName>
      <PathName>C:\Freescale\KDS_1.1.1\eclipse\ProcessorExpert\lib\Kinetis\pdd\inc\FTFA_PDD.h</PathName>
      <PathName>C:\Freescale\KDS_1.1.1\eclipse\ProcessorExpert\lib\Kinetis\pdd\inc\GPIO_PDD.h</PathName>
      <PathName>C:\Freescale\KDS_1.1.1\eclipse\ProcessorExpert\lib\Kinetis\pdd\inc\I2C_PDD.h</PathName>
      <PathName>C:\Freescale\KDS_1.1.1\eclipse\ProcessorExpert\lib\Kinetis\pdd\inc\LPTMR_PDD.h</PathName>
      <PathName>C:\Freescale\KDS_1.1.1\eclipse\ProcessorExpert\lib\Kinetis\pdd\inc\MCM_PDD.h</PathName>
      <PathName>C:\Freescale\KDS_1.1.1\eclipse\ProcessorExpert\lib\Kinetis\pdd\inc\PDD_Types.h</PathName>
      <PathName>C:\Freescale\KDS_1.1.1\eclipse\ProcessorExpert\lib\Kinetis\pdd\inc\PIT_PDD.h</PathName>
      <PathName>C:\Freescale\KDS_1.1.1\eclipse\ProcessorExpert\lib\Kinetis\pdd\inc\PORT_PDD.h</PathName>
      <PathName>C:\Freescale\KDS_1.1.1\eclipse\ProcessorExpert\lib\Kinetis\pdd\inc\RTC_PDD.h</PathName>
      <PathName>C:\Freescale\KDS_1.1.1\eclipse\ProcessorExpert\lib\Kinetis\pdd\inc\SIM_PDD.h</PathName>
      <PathName>C:\Freescale\KDS_1.1.1\eclipse\ProcessorExpert\lib\Kinetis\pdd\inc\SPI_PDD.h</PathName>
      <PathName>C:\Freescale\KDS_1.1.1\eclipse\ProcessorExpert\lib\Kinetis\pdd\inc\SysTick_PDD.h</PathName>
      <PathName>C:\Freescale\KDS_1.1.1\eclipse\ProcessorExpert\lib\Kinetis\pdd\inc\TPM_PDD.h</PathName>
      <PathName>C:\Freescale\KDS_1.1.1\eclipse\ProcessorExpert\lib\Kinetis\pdd\inc\UART0_PDD.h</PathName>
      <PathName>C:\Freescale\KDS_1.1.1\eclipse\ProcessorExpert\lib\Kinetis\pdd\inc\UART_PDD.h</PathName>
      <PathName>C:\Freescale\KDS_1.1.1\eclipse\ProcessorExpert\lib\Kinetis\pdd\inc\USB_PDD.h</PathName>
    </GeneratedHs>
    <GeneratedASMs>
      <PathName>C:\Users\tbsimmen\Documents\Wakanohana_Sumo\Generated_Code\portasm.s</PathName>
    </GeneratedASMs>
  </FILES>
  <OPTIONS>
  </OPTIONS>
</export>
