<?xml version="1.0" encoding="UTF-8"?>
<PE_PROJECT_SETTINGS_DOCUMENTATION>
  <PE_product_version v="version 10.4 for Freescale Microcontrollers" />
  <PE_core_version v="Processor Expert Version 0510" />
  <CPU_Bean name="Cpu" type="MK22FN1M0LQ12">
    <Enabled v="Y" />
    <Properties>
      <Component_name v="Cpu" />
      <CPU_type v="MK22FX512VLQ12" />
      <list name="Shared Internal properties" v="1">
        <EmptySection_DummyValue />
      </list>
      <list name="Shared Clock settings" v="1">
        <group name="Clock settings">
          <group name="Internal oscillator">
            <Slow_internal_reference_clock__kHz_ v="32.768000000000" />
            <boolgroup name="Initialize slow trim value" v="no" />
            <Fast_internal_reference_clock__MHz_ v="4" />
            <boolgroup name="Initialize fast trim value" v="no" />
          </group>
          <boolgroup name="RTC oscillator" v="Disabled" />
          <boolgroup name="System oscillator 0" v="Enabled">
            <enumgroup name="Clock source" v="External crystal">
              <group name="Clock input pin">
                <Pin_name v="EXTAL0/PTA18/FTM0_FLT2/FTM_CLKIN0" />
              </group>
              <group name="Clock output pin">
                <Pin_name v="XTAL0/PTA19/FTM1_FLT0/FTM_CLKIN1/LPTMR0_ALT1" />
              </group>
              <Clock_frequency__MHz_ v="8" />
              <Capacitor_load v="0pF" />
              <Oscillator_operating_mode v="Low power" />
            </enumgroup>
          </boolgroup>
          <list name="Clock source settings" v="1">
            <group name="Clock source setting 0">
              <group name="Internal reference clock">
                <MCGIRCLK_clock v="Enabled" />
                <MCGIRCLK_in_stop v="Disabled" />
                <enumgroup name="MCGIRCLK source" v="Slow">
                  <EmptySection_DummyValue />
                </enumgroup>
                <MCGIRCLK_clock__MHz_ v="0.032768000000" />
              </group>
              <group name="External reference clock">
                <OSC0ERCLK_clock v="Enabled" />
                <OSC0ERCLK_in_stop v="Disabled" />
                <OSC0ERCLK_clock__MHz_ v="8" />
                <ERCLK32K_clock_source v="Auto select" />
                <ERCLK32K__clock__kHz_ v="0.001000000000" />
              </group>
              <group name="MCG settings">
                <enumgroup name="MCG mode" v="PEE">
                  <EmptySection_DummyValue />
                </enumgroup>
                <MCG_output_clock v="PLL clock" />
                <MCG_output__MHz_ v="120" />
                <MCG_external_ref__clock_source v="System oscillator 0" />
                <MCG_external_ref__clock__MHz_ v="8" />
                <Clock_monitor v="Disabled" />
                <group name="FLL settings">
                  <FLL_module v="Disabled" />
                  <FLL_output__MHz_ v="0" />
                  <MCGFFCLK_clock__kHz_ v="31.250000000000" />
                  <enumgroup name="Reference clock source" v="External clock">
                    <Reference_clock_divider v="Auto select" />
                  </enumgroup>
                  <FLL_reference_clock__kHz_ v="31.250000000000" />
                  <Multiplication_factor v="Auto select" />
                </group>
                <group name="PLL 0 settings">
                  <PLL_module v="Enabled" />
                  <PLL_module_in_Stop v="Disabled" />
                  <PLL_output__MHz_ v="120" />
                  <Reference_clock_divider v="Auto select" />
                  <PLL_reference_clock__MHz_ v="4" />
                  <Multiplication_factor v="Auto select" />
                  <Loss_of_lock_interrupt v="Disabled" />
                </group>
              </group>
            </group>
          </list>
        </group>
      </list>
      <Initialization_priority v="minimal priority" />
      <Watchdog_disable v="yes" />
      <group name="Internal peripherals">
        <list name="Shared NMI settings" v="1">
          <boolgroup name="NMI pin" v="Enabled">
            <NMI_Pin v="PTA4/LLWU_P3/FTM0_CH1/NMI_b/EZP_CS_b" />
          </boolgroup>
        </list>
        <list name="Shared Reset settings" v="1">
          <boolgroup name="Reset control" v="Enabled">
            <Reset_pin v="RESET_b" />
            <Filter_in_STOP v="Disabled" />
            <Filter_in_RUN_WAIT v="Disabled" />
            <Filter_width v="1" />
          </boolgroup>
        </list>
        <list name="Shared JTAG settings" v="1">
          <group name="Debug interface (JTAG)">
            <enumgroup name="JTAG Mode" v="JTAG">
              <boolgroup name="TDI" v="Disabled" />
              <boolgroup name="TDO" v="Disabled" />
              <boolgroup name="TCK" v="Enabled">
                <TCK_Pin v="PTA0/UART0_CTS_b/UART0_COL_b/FTM0_CH5/JTAG_TCLK/SWD_CLK/EZP_CLK" />
              </boolgroup>
              <boolgroup name="TMS" v="Enabled">
                <TMS_Pin v="PTA3/UART0_RTS_b/FTM0_CH0/JTAG_TMS/SWD_DIO" />
              </boolgroup>
              <boolgroup name="nTRST" v="Disabled" />
            </enumgroup>
          </group>
        </list>
        <list name="Shared Flash memory organization" v="1">
          <group name="Flash memory organization">
            <list name="Shared FLASH settings" v="1">
              <group name="FlexNVM settings">
                <FlexNVM_size v="128 KB" />
                <DFlash_size v="128 KB" />
                <enumgroup name="EEPROM size" v="0 bytes">
                  <boolgroup name="FlexRAM" v="Disabled" />
                </enumgroup>
              </group>
            </list>
            <list name="Flash blocks" v="2">
              <group name="Flash block 0">
                <Address v="0" />
                <Size v="524288" />
                <Write_unit_size v="8" />
                <Erase_unit_size v="4096" />
                <Protection_unit_size v="16384" />
              </group>
              <group name="Flash block 1">
                <Address v="268435456" />
                <Size v="131072" />
                <Write_unit_size v="8" />
                <Erase_unit_size v="4096" />
                <Protection_unit_size v="16384" />
              </group>
            </list>
          </group>
        </list>
        <list name="Shared Flash Memory Controller settings" v="1">
          <boolgroup name="Flexible memory controller" v="Disabled" />
        </list>
        <list name="Shared Flash Config settings" v="1">
          <boolgroup name="Flash configuration field" v="Enabled">
            <group name="Security settings">
              <boolgroup name="Flash security" v="Disabled" />
              <Freescale_failure_analysis_access v="Enabled" />
              <Mass_erase v="Enabled" />
              <Backdoor_key_security v="Disabled" />
              <Backdoor_key_0 v="255" />
              <Backdoor_key_1 v="255" />
              <Backdoor_key_2 v="255" />
              <Backdoor_key_3 v="255" />
              <Backdoor_key_4 v="255" />
              <Backdoor_key_5 v="255" />
              <Backdoor_key_6 v="255" />
              <Backdoor_key_7 v="255" />
            </group>
            <group name="Protection regions">
              <group name="P-Flash protection settings">
                <Protection_region_size v="16384" />
                <P_Flash_protection v="4294967295" />
                <group name="Protection regions">
                  <Protection_region_0 v="Unprotected" />
                  <Protection_region_1 v="Unprotected" />
                  <Protection_region_2 v="Unprotected" />
                  <Protection_region_3 v="Unprotected" />
                  <Protection_region_4 v="Unprotected" />
                  <Protection_region_5 v="Unprotected" />
                  <Protection_region_6 v="Unprotected" />
                  <Protection_region_7 v="Unprotected" />
                  <Protection_region_8 v="Unprotected" />
                  <Protection_region_9 v="Unprotected" />
                  <Protection_region_10 v="Unprotected" />
                  <Protection_region_11 v="Unprotected" />
                  <Protection_region_12 v="Unprotected" />
                  <Protection_region_13 v="Unprotected" />
                  <Protection_region_14 v="Unprotected" />
                  <Protection_region_15 v="Unprotected" />
                  <Protection_region_16 v="Unprotected" />
                  <Protection_region_17 v="Unprotected" />
                  <Protection_region_18 v="Unprotected" />
                  <Protection_region_19 v="Unprotected" />
                  <Protection_region_20 v="Unprotected" />
                  <Protection_region_21 v="Unprotected" />
                  <Protection_region_22 v="Unprotected" />
                  <Protection_region_23 v="Unprotected" />
                  <Protection_region_24 v="Unprotected" />
                  <Protection_region_25 v="Unprotected" />
                  <Protection_region_26 v="Unprotected" />
                  <Protection_region_27 v="Unprotected" />
                  <Protection_region_28 v="Unprotected" />
                  <Protection_region_29 v="Unprotected" />
                  <Protection_region_30 v="Unprotected" />
                  <Protection_region_31 v="Unprotected" />
                </group>
              </group>
              <group name="D-Flash protection settings">
                <Protection_region_size v="16384" />
                <D_Flash_protection v="255" />
                <group name="Protection regions">
                  <Protection_region_0 v="Unprotected" />
                  <Protection_region_1 v="Unprotected" />
                  <Protection_region_2 v="Unprotected" />
                  <Protection_region_3 v="Unprotected" />
                  <Protection_region_4 v="Unprotected" />
                  <Protection_region_5 v="Unprotected" />
                  <Protection_region_6 v="Unprotected" />
                  <Protection_region_7 v="Unprotected" />
                </group>
              </group>
              <group name="Eeprom protection settings">
                <Protection_region_size v="0" />
                <Eeprom_protection v="255" />
                <group name="Protection regions">
                  <Protection_region_0 v="Unprotected" />
                  <Protection_region_1 v="Unprotected" />
                  <Protection_region_2 v="Unprotected" />
                  <Protection_region_3 v="Unprotected" />
                  <Protection_region_4 v="Unprotected" />
                  <Protection_region_5 v="Unprotected" />
                  <Protection_region_6 v="Unprotected" />
                  <Protection_region_7 v="Unprotected" />
                </group>
              </group>
            </group>
            <group name="Peripheral settings">
              <NMI_function v="Enabled" />
              <EzPort_operation_at_boot v="Enabled" />
              <Low_power_boot v="Disabled" />
            </group>
          </boolgroup>
        </list>
        <list name="Shared Memory Protection Unit settings" v="1">
          <boolgroup name="MPU settings" v="Enabled">
            <boolgroup name="MPU module" v="Disabled" />
          </boolgroup>
        </list>
        <list name="Shared Crossbar switch settings" v="1">
          <boolgroup name="AXBS settings" v="Disabled" />
        </list>
        <list name="Shared Peripheral Bridge AIPS1 settings" v="1">
          <boolgroup name="MCM settings" v="Disabled" />
        </list>
        <list name="Shared SCB settings" v="1">
          <boolgroup name="System control block settings" v="Disabled" />
        </list>
        <list name="Shared Power Management Controller settings" v="1">
          <group name="Power management controller">
            <LVD_reset v="Enabled" />
            <LVD_voltage_treshold v="Low" />
            <LVW_voltage_treshold v="Low" />
            <Bandgap_buffer v="Disabled" />
            <Bandgap_buffer_in_VLPx v="Disabled" />
            <group name="LVD interrupt">
              <Interrupt v="INT_LVD_LVW" />
              <Interrupt_request v="Disabled" />
              <Interrupt_priority v="0 (Highest)" />
              <LVD_interrupt v="Disabled" />
              <LVW_interrupt v="Disabled" />
            </group>
          </group>
        </list>
        <list name="Shared ClockGate settings" v="1">
          <group name="System Integration Module">
            <boolgroup name="CLKOUT pin control" v="Disabled" />
            <boolgroup name="Clock gating control" v="Disabled" />
          </group>
        </list>
      </group>
      <list name="Shared CPU interrupts/resets" v="1">
        <group name="CPU interrupts/resets">
          <boolgroup name="NMI interrupt" v="Enabled">
            <Interrupt v="INT_NMI" />
          </boolgroup>
          <boolgroup name="Hard Fault" v="Disabled" />
          <boolgroup name="Bus Fault" v="Disabled" />
          <boolgroup name="Usage Fault" v="Disabled" />
          <boolgroup name="Supervisor Call" v="Disabled" />
          <boolgroup name="Pendable Service" v="Disabled" />
          <boolgroup name="MCG" v="Disabled" />
        </group>
      </list>
      <list name="Shared External Bus Controller settings" v="1">
        <boolgroup name="External Bus" v="Disabled" />
      </list>
      <group name="Low power mode settings">
        <list name="Shared Low Power Settings" v="1">
          <group name="Allowed power modes">
            <Very_low_power_modes v="Not allowed" />
            <Low_leakage_stop_mode v="Not allowed" />
            <Very_low_leakage_stop_mode v="Not allowed" />
          </group>
        </list>
        <list name="Shared LLWU settings" v="1">
          <boolgroup name="LLWU settings" v="Disabled" />
        </list>
        <list name="Shared Low Power Settings" v="1">
          <group name="Operation mode settings">
            <group name="WAIT operation mode">
              <Return_to_wait_after_ISR v="no" />
            </group>
            <group name="SLEEP operation mode">
              <Return_to_stop_after_ISR v="no" />
            </group>
            <boolgroup name="STOP operation mode" v="Disabled" />
          </group>
        </list>
      </group>
      <list name="Clock configurations" v="1">
        <group name="Clock configuration 0">
          <boolgroup name="Very low power mode" v="Disabled" />
          <enumgroup name="Clock source setting" v="configuration 0">
            <MCG_mode v="PEE" />
            <MCG_output__MHz_ v="120" />
            <MCGIRCLK_clock__MHz_ v="0.032768" />
            <OSCERCLK_clock__MHz_ v="8" />
            <ERCLK32K__clock__kHz_ v="0.001" />
            <MCGFFCLK__kHz_ v="31.25" />
          </enumgroup>
          <group name="System clocks">
            <Core_clock_prescaler v="Auto select" />
            <Core_clock v="120" />
            <Bus_clock_prescaler v="Auto select" />
            <Bus_clock v="60" />
            <External_clock_prescaler v="Auto select" />
            <External_bus_clock v="60" />
            <Flash_clock_prescaler v="Auto select" />
            <Flash_clock v="24" />
            <enumgroup name="PLL/FLL clock selection" v="PLL clock">
              <Clock_frequency__MHz_ v="120" />
            </enumgroup>
          </group>
        </group>
      </list>
    </Properties>
    <Methods>
      <list name="CPUCond" v="1">
        <SetClockConfiguration v="don&amp;apos;t generate code" />
        <GetClockConfiguration v="don&amp;apos;t generate code" />
        <SetOperationMode v="don&amp;apos;t generate code" />
        <EnableInt v="generate code" />
        <DisableInt v="generate code" />
        <GetLLSWakeUpFlags v="don&amp;apos;t generate code" />
        <OpenBackDoor v="don&amp;apos;t generate code" />
        <GetFlexNVMPartitionCode v="don&amp;apos;t generate code" />
        <SetFlexNVMPartition v="don&amp;apos;t generate code" />
        <SetFlexRAMFunction v="don&amp;apos;t generate code" />
        <MCGAutoTrim v="don&amp;apos;t generate code" />
        <VLPModeEnable v="don&amp;apos;t generate code" />
        <VLPModeDisable v="don&amp;apos;t generate code" />
        <SystemReset v="don&amp;apos;t generate code" />
      </list>
    </Methods>
    <Events>
      <Event_module_name v="Events" />
      <list name="EvntsShrdGrp" v="1">
        <event name="OnReset" v="don&amp;apos;t generate code" />
        <event name="OnNMIINT" v="generate code">
          <Event_procedure_name v="Cpu_OnNMIINT" />
        </event>
        <event name="OnHardFault" v="don&amp;apos;t generate code" />
        <event name="OnBusFault" v="don&amp;apos;t generate code" />
        <event name="OnUsageFault" v="don&amp;apos;t generate code" />
        <event name="OnSupervisorCall" v="don&amp;apos;t generate code" />
        <event name="OnPendableService" v="don&amp;apos;t generate code" />
        <event name="OnLossOfLockINT" v="don&amp;apos;t generate code" />
        <event name="OnLowVoltageINT" v="don&amp;apos;t generate code" />
        <event name="OnLLSWakeUpINT" v="don&amp;apos;t generate code" />
      </list>
    </Events>
    <Compiler v="GNU C Compiler" />
    <CompilerProperties>
      <Compiler v="GNU C Compiler" />
      <enumgroup name="Unhandled vectors" v="One handler for all">
        <Unhandled_int_code>
          <StrgList><![CDATA[/* This code can be changed using the CPU component property "Build Options / Unhandled int code" */
PE_DEBUGHALT();
]]></StrgList>
        </Unhandled_int_code>
      </enumgroup>
      <group name="User initialization">
        <User_data_declarations>
          <StrgList></StrgList>
        </User_data_declarations>
        <User_code_before_PE_initialization>
          <StrgList></StrgList>
        </User_code_before_PE_initialization>
        <User_code_after_PE_initialization>
          <StrgList></StrgList>
        </User_code_after_PE_initialization>
      </group>
      <boolgroup name="Generate debugger files" v="no" />
      <group name="Startup">
        <Add_startup_file v="yes" />
      </group>
      <boolgroup name="Generate linker file" v="yes">
        <Stack_size v="1024" />
        <Heap_size v="0" />
        <Set_memory_segments_to_default v="Click to set default &amp;gt;" />
        <Default_memory_for_interrupts v="INTERNAL FLASH" />
        <Default_memory_for_code v="INTERNAL FLASH" />
        <Default_memory_for_data v="INTERNAL RAM" />
        <list name="ROM/RAM Areas" v="6">
          <group name="MemoryArea0">
            <boolgroup name="ROM/RAM Area" v="Enabled">
              <Name v="m_interrupts" />
              <Qualifier v="RX" />
              <Address v="0" />
              <Size v="392" />
            </boolgroup>
          </group>
          <group name="MemoryArea1">
            <boolgroup name="ROM/RAM Area" v="Disabled" />
          </group>
          <group name="MemoryArea2">
            <boolgroup name="ROM/RAM Area" v="Enabled">
              <Name v="m_text" />
              <Qualifier v="RX" />
              <Address v="1040" />
              <Size v="523248" />
            </boolgroup>
          </group>
          <group name="MemoryArea3">
            <boolgroup name="ROM/RAM Area" v="Disabled" />
          </group>
          <group name="MemoryArea4">
            <boolgroup name="ROM/RAM Area" v="Enabled">
              <Name v="m_data" />
              <Qualifier v="RW" />
              <Address v="536838144" />
              <Size v="32768" />
            </boolgroup>
          </group>
          <group name="MemoryArea5">
            <boolgroup name="ROM/RAM Area" v="Enabled">
              <Name v="m_data_20000000" />
              <Qualifier v="RW" />
              <Address v="536870912" />
              <Size v="32768" />
            </boolgroup>
          </group>
        </list>
      </boolgroup>
    </CompilerProperties>
  </CPU_Bean>
  <Bean name="WAIT1" type="Wait">
    <Enabled v="Y" />
    <Properties>
      <Component_name v="WAIT1" />
      <boolgroup name="Manual Clock Values" v="Disabled" />
      <Delay100usFunction v="Delay100US" />
      <boolgroup name="RTOS" v="Disabled" />
      <boolgroup name="Watchdog" v="Disabled" />
    </Properties>
    <Methods>
      <Wait10Cycles v="generate code" />
      <Wait100Cycles v="generate code" />
      <WaitCycles v="generate code" />
      <WaitLongCycles v="generate code" />
      <Waitms v="generate code" />
      <Waitus v="generate code" />
      <Waitns v="generate code" />
      <WaitOSms v="generate code" />
    </Methods>
    <Events>
      <EmptySection_DummyValue />
    </Events>
  </Bean>
  <Bean name="HF1" type="HardFault">
    <Enabled v="Y" />
    <Properties>
      <Component_name v="HF1" />
    </Properties>
    <Methods>
      <HardFaultHandler v="generate code" />
    </Methods>
    <Events>
      <EmptySection_DummyValue />
    </Events>
  </Bean>
  <Bean name="CS1" type="CriticalSection">
    <Enabled v="Y" />
    <Properties>
      <Component_name v="CS1" />
      <Use_Processor_Expert_Default v="no" />
      <Use_FreeRTOS v="no" />
    </Properties>
    <Methods>
      <CriticalVariable v="generate code" />
      <EnterCritical v="generate code" />
      <ExitCritical v="generate code" />
    </Methods>
    <Events>
      <EmptySection_DummyValue />
    </Events>
  </Bean>
  <Bean name="LedBit1" type="BitIO">
    <Enabled v="Y" />
    <Properties>
      <Component_name v="LedBit1" />
      <Pin_for_I_O v="CMP2_IN1/PTA13/LLWU_P4/CAN0_RX/FTM1_CH1/I2C2_SDA/I2S0_TX_FS/FTM1_QD_PHB" />
      <inhrbean type="BitIO_LDD">
        <Enabled v="Y" />
        <Template v="BitIO_LDD" />
        <Properties>
          <Component_name v="BitIoLdd1" />
          <Pin_for_I_O v="CMP2_IN1/PTA13/LLWU_P4/CAN0_RX/FTM1_CH1/I2C2_SDA/I2S0_TX_FS/FTM1_QD_PHB" />
          <Direction v="Output" />
          <group name="Initialization">
            <Init__direction v="Output" />
            <Init__value v="1" />
            <Auto_initialization v="yes" />
          </group>
          <Safe_mode v="yes" />
        </Properties>
        <Methods>
          <Init v="generate code" />
          <Deinit v="don&amp;apos;t generate code" />
          <GetDir v="don&amp;apos;t generate code" />
          <SetDir v="don&amp;apos;t generate code" />
          <SetInput v="don&amp;apos;t generate code" />
          <SetOutput v="don&amp;apos;t generate code" />
          <GetVal v="generate code" />
          <PutVal v="generate code" />
          <ClrVal v="generate code" />
          <SetVal v="generate code" />
          <NegVal v="generate code" />
          <ConnectPin v="don&amp;apos;t generate code" />
          <GetRawVal v="don&amp;apos;t generate code" />
        </Methods>
        <Events>
          <EmptySection_DummyValue />
        </Events>
      </inhrbean>
      <Direction v="Output" />
      <group name="Initialization">
        <Init__direction v="Output" />
        <Init__value v="1" />
      </group>
      <Safe_mode v="yes" />
      <Optimization_for v="speed" />
    </Properties>
    <Methods>
      <GetDir v="don&amp;apos;t generate code" />
      <SetDir v="don&amp;apos;t generate code" />
      <SetInput v="don&amp;apos;t generate code" />
      <SetOutput v="don&amp;apos;t generate code" />
      <GetVal v="generate code" />
      <PutVal v="generate code" />
      <ClrVal v="generate code" />
      <SetVal v="generate code" />
      <NegVal v="generate code" />
      <ConnectPin v="don&amp;apos;t generate code" />
      <GetRawVal v="don&amp;apos;t generate code" />
    </Methods>
    <Events>
      <EmptySection_DummyValue />
    </Events>
  </Bean>
  <Bean name="LedBit2" type="BitIO">
    <Enabled v="Y" />
    <Properties>
      <Component_name v="LedBit2" />
      <Pin_for_I_O v="PTD0/LLWU_P12/SPI0_PCS0/UART2_RTS_b/FTM3_CH0/FB_ALE/FB_CS1_b/FB_TS_b" />
      <inhrbean type="BitIO_LDD">
        <Enabled v="Y" />
        <Template v="BitIO_LDD" />
        <Properties>
          <Component_name v="BitIoLdd4" />
          <Pin_for_I_O v="PTD0/LLWU_P12/SPI0_PCS0/UART2_RTS_b/FTM3_CH0/FB_ALE/FB_CS1_b/FB_TS_b" />
          <Direction v="Output" />
          <group name="Initialization">
            <Init__direction v="Output" />
            <Init__value v="1" />
            <Auto_initialization v="yes" />
          </group>
          <Safe_mode v="yes" />
        </Properties>
        <Methods>
          <Init v="generate code" />
          <Deinit v="don&amp;apos;t generate code" />
          <GetDir v="don&amp;apos;t generate code" />
          <SetDir v="don&amp;apos;t generate code" />
          <SetInput v="don&amp;apos;t generate code" />
          <SetOutput v="don&amp;apos;t generate code" />
          <GetVal v="generate code" />
          <PutVal v="generate code" />
          <ClrVal v="generate code" />
          <SetVal v="generate code" />
          <NegVal v="generate code" />
          <ConnectPin v="don&amp;apos;t generate code" />
          <GetRawVal v="don&amp;apos;t generate code" />
        </Methods>
        <Events>
          <EmptySection_DummyValue />
        </Events>
      </inhrbean>
      <Direction v="Output" />
      <group name="Initialization">
        <Init__direction v="Output" />
        <Init__value v="1" />
      </group>
      <Safe_mode v="yes" />
      <Optimization_for v="speed" />
    </Properties>
    <Methods>
      <GetDir v="don&amp;apos;t generate code" />
      <SetDir v="don&amp;apos;t generate code" />
      <SetInput v="don&amp;apos;t generate code" />
      <SetOutput v="don&amp;apos;t generate code" />
      <GetVal v="generate code" />
      <PutVal v="generate code" />
      <ClrVal v="generate code" />
      <SetVal v="generate code" />
      <NegVal v="generate code" />
      <ConnectPin v="don&amp;apos;t generate code" />
      <GetRawVal v="don&amp;apos;t generate code" />
    </Methods>
    <Events>
      <EmptySection_DummyValue />
    </Events>
  </Bean>
  <Bean name="TI1" type="TimerInt">
    <Enabled v="Y" />
    <Properties>
      <Component_name v="TI1" />
      <Periodic_interrupt_source v="FTM0_MOD" />
      <Counter v="FTM0_CNT" />
      <boolgroup name="Interrupt service/event" v="Enabled">
        <Interrupt v="INT_FTM0" />
        <Interrupt_priority v="medium priority" />
      </boolgroup>
      <Interrupt_period v="10 ms" />
      <Same_period_in_modes v="yes" />
      <Component_uses_entire_timer v="no" />
      <group name="Initialization">
        <Enabled_in_init__code v="yes" />
        <Events_enabled_in_init_ v="yes" />
      </group>
      <group name="CPU clock/speed selection">
        <High_speed_mode v="This component enabled" />
        <Low_speed_mode v="This component disabled" />
        <Slow_speed_mode v="This component disabled" />
      </group>
      <group name="Referenced components">
        <inhrbean type="TimerInt_LDD">
          <Enabled v="Y" />
          <Properties>
            <Component_name v="TimerIntLdd1" />
            <Periodic_interrupt_source v="FTM0_MOD" />
            <Counter v="FTM0_CNT" />
            <boolgroup name="Interrupt service/event" v="Enabled">
              <Interrupt v="INT_FTM0" />
              <Interrupt_priority v="medium priority" />
            </boolgroup>
            <Interrupt_period v="10 ms" />
            <group name="Initialization">
              <Enabled_in_init__code v="yes" />
              <list name="Auto Initialization" v="1">
                <Auto_initialization v="yes" />
              </list>
              <group name="Event mask">
                <OnInterrupt v="Enabled" />
              </group>
            </group>
            <list name="CPU clock/configuration selection (included)" v="1">
              <group name="CPU clock/configuration selection">
                <Clock_configuration_0 v="This component enabled" />
                <Clock_configuration_1 v="This component disabled" />
                <Clock_configuration_2 v="This component disabled" />
                <Clock_configuration_3 v="This component disabled" />
                <Clock_configuration_4 v="This component disabled" />
                <Clock_configuration_5 v="This component disabled" />
                <Clock_configuration_6 v="This component disabled" />
                <Clock_configuration_7 v="This component disabled" />
              </group>
            </list>
            <group name="Referenced components">
              <Linked_TimerUnit v="TU1" />
            </group>
          </Properties>
          <Methods>
            <Init v="generate code" />
            <Deinit v="don&amp;apos;t generate code" />
            <Enable v="don&amp;apos;t generate code" />
            <Disable v="don&amp;apos;t generate code" />
            <SetEventMask v="don&amp;apos;t generate code" />
            <GetEventMask v="don&amp;apos;t generate code" />
            <GetEventStatus v="don&amp;apos;t generate code" />
            <SelectPeriod v="don&amp;apos;t generate code" />
            <SetPeriodUS v="don&amp;apos;t generate code" />
            <SetPeriodMS v="don&amp;apos;t generate code" />
            <SetPeriodSec v="don&amp;apos;t generate code" />
            <SetPeriodReal v="don&amp;apos;t generate code" />
            <SetFrequencyHz v="don&amp;apos;t generate code" />
            <SetFrequencykHz v="don&amp;apos;t generate code" />
            <SetFrequencyMHz v="don&amp;apos;t generate code" />
            <SetOperationMode v="don&amp;apos;t generate code" />
            <GetDriverState v="don&amp;apos;t generate code" />
          </Methods>
          <Events>
            <Event_module_name v="Events" />
            <event name="OnInterrupt" v="generate code">
              <Event_procedure_name v="TimerIntLdd1_OnInterrupt" />
            </event>
          </Events>
        </inhrbean>
      </group>
    </Properties>
    <Methods>
      <Enable v="don&amp;apos;t generate code" />
      <Disable v="don&amp;apos;t generate code" />
      <EnableEvent v="don&amp;apos;t generate code" />
      <DisableEvent v="don&amp;apos;t generate code" />
      <SetPeriodMode v="don&amp;apos;t generate code" />
      <SetPeriodTicks16 v="don&amp;apos;t generate code" />
      <SetPeriodTicks32 v="don&amp;apos;t generate code" />
      <SetPeriodUS v="don&amp;apos;t generate code" />
      <SetPeriodMS v="don&amp;apos;t generate code" />
      <SetPeriodSec v="don&amp;apos;t generate code" />
      <SetPeriodReal v="don&amp;apos;t generate code" />
      <SetFreqHz v="don&amp;apos;t generate code" />
      <SetFreqkHz v="don&amp;apos;t generate code" />
      <SetFreqMHz v="don&amp;apos;t generate code" />
    </Methods>
    <Events>
      <Event_module_name v="Events" />
      <event name="BeforeNewSpeed" v="don&amp;apos;t generate code" />
      <event name="AfterNewSpeed" v="don&amp;apos;t generate code" />
      <event name="OnInterrupt" v="generate code">
        <Event_procedure_name v="TI1_OnInterrupt" />
        <Priority v="same as interrupt" />
      </event>
    </Events>
  </Bean>
  <Bean name="TU1" type="TimerUnit_LDD">
    <Enabled v="Y" />
    <Properties>
      <Component_name v="TU1" />
      <Module_name v="FTM0" />
      <Counter v="FTM0_CNT" />
      <Counter_direction v="Up" />
      <Counter_width v="16 bits" />
      <Value_type v="uint16_t" />
      <enumgroup name="Input clock source" v="Internal">
        <Counter_frequency v="Auto select" />
      </enumgroup>
      <enumgroup name="Counter restart" v="On-match">
        <Period_device v="FTM0_MOD" />
        <Period v="10 ms" />
        <boolgroup name="Interrupt" v="Enabled">
          <Interrupt v="INT_FTM0" />
          <Interrupt_priority v="medium priority" />
        </boolgroup>
      </enumgroup>
      <list name="Channel list" v="0">
        <EmptySection_DummyValue />
      </list>
      <group name="Initialization">
        <Enabled_in_init__code v="yes" />
        <list name="Auto Initialization" v="1">
          <Auto_initialization v="no" />
        </list>
        <group name="Event mask">
          <OnCounterRestart v="Enabled" />
          <OnChannel0 v="Disabled" />
          <OnChannel1 v="Disabled" />
          <OnChannel2 v="Disabled" />
          <OnChannel3 v="Disabled" />
          <OnChannel4 v="Disabled" />
          <OnChannel5 v="Disabled" />
          <OnChannel6 v="Disabled" />
          <OnChannel7 v="Disabled" />
        </group>
      </group>
      <list name="CPU clock/configuration selection (included)" v="1">
        <group name="CPU clock/configuration selection">
          <Clock_configuration_0 v="This component enabled" />
          <Clock_configuration_1 v="This component disabled" />
          <Clock_configuration_2 v="This component disabled" />
          <Clock_configuration_3 v="This component disabled" />
          <Clock_configuration_4 v="This component disabled" />
          <Clock_configuration_5 v="This component disabled" />
          <Clock_configuration_6 v="This component disabled" />
          <Clock_configuration_7 v="This component disabled" />
        </group>
      </list>
    </Properties>
    <Methods>
      <Init v="generate code" />
      <Deinit v="don&amp;apos;t generate code" />
      <Enable v="don&amp;apos;t generate code" />
      <Disable v="don&amp;apos;t generate code" />
      <SetEventMask v="don&amp;apos;t generate code" />
      <GetEventMask v="don&amp;apos;t generate code" />
      <GetEventStatus v="don&amp;apos;t generate code" />
      <SelectInputFrequency v="don&amp;apos;t generate code" />
      <GetInputFrequencyReal v="don&amp;apos;t generate code" />
      <GetInputFrequency v="don&amp;apos;t generate code" />
      <SetPeriodTicks v="don&amp;apos;t generate code" />
      <GetPeriodTicks v="don&amp;apos;t generate code" />
      <ResetCounter v="don&amp;apos;t generate code" />
      <GetCounterValue v="don&amp;apos;t generate code" />
      <SetOffsetTicks v="don&amp;apos;t generate code" />
      <GetOffsetTicks v="don&amp;apos;t generate code" />
      <GetCaptureValue v="don&amp;apos;t generate code" />
      <SelectOutputAction v="don&amp;apos;t generate code" />
      <SelectCaptureEdge v="don&amp;apos;t generate code" />
      <ConnectPin v="don&amp;apos;t generate code" />
      <SetOperationMode v="don&amp;apos;t generate code" />
      <GetDriverState v="don&amp;apos;t generate code" />
    </Methods>
    <Events>
      <Event_module_name v="Events" />
      <event name="OnCounterRestart" v="generate code">
        <Event_procedure_name v="TU1_OnCounterRestart" />
      </event>
      <event name="OnChannel0" v="don&amp;apos;t generate code" />
      <event name="OnChannel1" v="don&amp;apos;t generate code" />
      <event name="OnChannel2" v="don&amp;apos;t generate code" />
      <event name="OnChannel3" v="don&amp;apos;t generate code" />
      <event name="OnChannel4" v="don&amp;apos;t generate code" />
      <event name="OnChannel5" v="don&amp;apos;t generate code" />
      <event name="OnChannel6" v="don&amp;apos;t generate code" />
      <event name="OnChannel7" v="don&amp;apos;t generate code" />
    </Events>
  </Bean>
  <Bean name="SW1" type="BitIO">
    <Enabled v="N" />
    <Properties>
      <Component_name v="SW1" />
      <Pin_for_I_O v="PTA14/SPI0_PCS0/UART0_TX/I2C2_SCL/I2S0_RX_BCLK/I2S0_TXD1" />
      <inhrbean type="BitIO_LDD">
        <Enabled v="N" />
        <Template v="BitIO_LDD" />
        <Properties>
          <Component_name v="BitIoLdd2" />
          <Pin_for_I_O v="PTA14/SPI0_PCS0/UART0_TX/I2C2_SCL/I2S0_RX_BCLK/I2S0_TXD1" />
          <Pull_resistor sel_value="no pull resistor">
            
autoselected pull

            <EmptySection_DummyValue />
          </Pull_resistor>
          <Open_drain sel_value="The settings is irrelevant for input direction">
            
push-pull

            <EmptySection_DummyValue />
          </Open_drain>
          <Direction v="Input" />
          <group name="Initialization">
            <Init__direction v="Input" />
            <Init__value v="0" />
            <Auto_initialization v="yes" />
          </group>
          <Safe_mode v="yes" />
          <Optimization_for v="speed" />
          <Implement_using v="EGPIO" />
        </Properties>
        <Methods>
          <Init v="generate code" />
          <Deinit v="don&amp;apos;t generate code" />
          <GetDir v="don&amp;apos;t generate code" />
          <SetDir v="don&amp;apos;t generate code" />
          <SetInput v="don&amp;apos;t generate code" />
          <SetOutput v="don&amp;apos;t generate code" />
          <GetVal v="generate code" />
          <PutVal v="don&amp;apos;t generate code" />
          <ClrVal v="don&amp;apos;t generate code" />
          <SetVal v="don&amp;apos;t generate code" />
          <NegVal v="don&amp;apos;t generate code" />
          <ConnectPin v="don&amp;apos;t generate code" />
          <GetRawVal v="don&amp;apos;t generate code" />
        </Methods>
        <Events>
          <EmptySection_DummyValue />
        </Events>
      </inhrbean>
      <Direction v="Input" />
      <group name="Initialization">
        <Init__direction v="Input" />
        <Init__value v="0" />
      </group>
      <Safe_mode v="yes" />
      <Optimization_for v="speed" />
    </Properties>
    <Methods>
      <GetDir v="don&amp;apos;t generate code" />
      <SetDir v="don&amp;apos;t generate code" />
      <SetInput v="don&amp;apos;t generate code" />
      <SetOutput v="don&amp;apos;t generate code" />
      <GetVal v="generate code" />
      <PutVal v="don&amp;apos;t generate code" />
      <ClrVal v="don&amp;apos;t generate code" />
      <SetVal v="don&amp;apos;t generate code" />
      <NegVal v="don&amp;apos;t generate code" />
      <ConnectPin v="don&amp;apos;t generate code" />
      <GetRawVal v="don&amp;apos;t generate code" />
    </Methods>
    <Events>
      <EmptySection_DummyValue />
    </Events>
  </Bean>
  <Bean name="SW1" type="ExtInt">
    <Enabled v="Y" />
    <Properties>
      <Component_name v="SW1" />
      <Pin v="PTA14/SPI0_PCS0/UART0_TX/I2C2_SCL/I2S0_RX_BCLK/I2S0_TXD1" />
      <inhrbean type="ExtInt_LDD">
        <Enabled v="Y" />
        <Template v="ExtInt_LDD" />
        <Properties>
          <Component_name v="ExtIntLdd1" />
          <Pin v="PTA14/SPI0_PCS0/UART0_TX/I2C2_SCL/I2S0_RX_BCLK/I2S0_TXD1" />
          <Generate_interrupt_on v="falling edge" />
          <Interrupt v="INT_PORTA" />
          <Interrupt_priority v="medium priority" />
          <group name="Initialization">
            <Enabled_in_init__code v="yes" />
            <list name="Auto Initialization" v="1">
              <Auto_initialization v="yes" />
            </list>
          </group>
        </Properties>
        <Methods>
          <Init v="generate code" />
          <Deinit v="don&amp;apos;t generate code" />
          <Enable v="generate code" />
          <Disable v="generate code" />
          <GetVal v="generate code" />
          <SetEdge v="don&amp;apos;t generate code" />
          <SetOperationMode v="don&amp;apos;t generate code" />
          <GetDriverState v="don&amp;apos;t generate code" />
          <ConnectPin v="don&amp;apos;t generate code" />
        </Methods>
        <Events>
          <Event_module_name v="Events" />
          <event name="OnInterrupt" v="generate code">
            <Event_procedure_name v="ExtIntLdd1_OnInterrupt" />
          </event>
        </Events>
      </inhrbean>
      <Generate_interrupt_on v="falling edge" />
      <Interrupt v="INT_PORTA" />
      <Interrupt_priority v="medium priority" />
      <group name="Initialization">
        <Enabled_in_init__code v="yes" />
      </group>
    </Properties>
    <Methods>
      <Enable v="generate code" />
      <Disable v="generate code" />
      <GetVal v="generate code" />
      <SetEdge v="don&amp;apos;t generate code" />
      <ConnectPin v="don&amp;apos;t generate code" />
    </Methods>
    <Events>
      <Event_module_name v="Events" />
      <event name="OnInterrupt" v="generate code">
        <Event_procedure_name v="SW1_OnInterrupt" />
        <Priority v="same as interrupt" />
      </event>
    </Events>
  </Bean>
  <Bean name="BUZ1" type="BitIO">
    <Enabled v="Y" />
    <Properties>
      <Component_name v="BUZ1" />
      <Pin_for_I_O v="CMP1_IN1/PTC3/LLWU_P7/SPI0_PCS1/UART1_RX/FTM0_CH2/CLKOUT/I2S0_TX_BCLK" />
      <inhrbean type="BitIO_LDD">
        <Enabled v="Y" />
        <Template v="BitIO_LDD" />
        <Properties>
          <Component_name v="BitIoLdd3" />
          <Pin_for_I_O v="CMP1_IN1/PTC3/LLWU_P7/SPI0_PCS1/UART1_RX/FTM0_CH2/CLKOUT/I2S0_TX_BCLK" />
          <Direction v="Output" />
          <group name="Initialization">
            <Init__direction v="Output" />
            <Init__value v="0" />
            <Auto_initialization v="yes" />
          </group>
          <Safe_mode v="yes" />
        </Properties>
        <Methods>
          <Init v="generate code" />
          <Deinit v="don&amp;apos;t generate code" />
          <GetDir v="don&amp;apos;t generate code" />
          <SetDir v="don&amp;apos;t generate code" />
          <SetInput v="don&amp;apos;t generate code" />
          <SetOutput v="don&amp;apos;t generate code" />
          <GetVal v="generate code" />
          <PutVal v="generate code" />
          <ClrVal v="generate code" />
          <SetVal v="generate code" />
          <NegVal v="generate code" />
          <ConnectPin v="don&amp;apos;t generate code" />
          <GetRawVal v="don&amp;apos;t generate code" />
        </Methods>
        <Events>
          <EmptySection_DummyValue />
        </Events>
      </inhrbean>
      <Direction v="Output" />
      <group name="Initialization">
        <Init__direction v="Output" />
        <Init__value v="0" />
      </group>
      <Safe_mode v="yes" />
      <Optimization_for v="speed" />
    </Properties>
    <Methods>
      <GetDir v="don&amp;apos;t generate code" />
      <SetDir v="don&amp;apos;t generate code" />
      <SetInput v="don&amp;apos;t generate code" />
      <SetOutput v="don&amp;apos;t generate code" />
      <GetVal v="generate code" />
      <PutVal v="generate code" />
      <ClrVal v="generate code" />
      <SetVal v="generate code" />
      <NegVal v="generate code" />
      <ConnectPin v="don&amp;apos;t generate code" />
      <GetRawVal v="don&amp;apos;t generate code" />
    </Methods>
    <Events>
      <EmptySection_DummyValue />
    </Events>
  </Bean>
  <Bean name="FRTOS1" type="FreeRTOS">
    <Enabled v="Y" />
    <Properties>
      <Component_name v="FRTOS1" />
      <RTOS_Version v="V8.0.1" />
      <group name="Custom Port">
        <Compiler v="automatic" />
        <boolgroup name="Static Sources" v="Disabled" />
        <boolgroup name="Custom portBASE_TYPE" v="Disabled" />
      </group>
      <Classic_CodeWarrior v="no" />
      <Disabled_Interrupts_in_Startup v="yes" />
      <Application_Task_Tags v="no" />
      <Use_Trace_Facility v="yes" />
      <boolgroup name="Trace Hooks" v="Disabled" />
      <boolgroup name="Collect Runtime Statistics" v="Enabled">
        <boolgroup name="LDD" v="Enabled">
          <inhrbean type="TimerUnit_LDD">
            <Enabled v="Y" />
            <Template v="RuntimeCntrLDD" />
            <Properties>
              <Component_name v="RTOSCNTRLDD1" />
              <Module_name v="FTM1" />
              <Counter v="FTM1_CNT" />
              <Counter_direction v="Up" />
              <Counter_width v="16 bits" />
              <Value_type v="Optimal" />
              <enumgroup name="Input clock source" v="Internal">
                <Counter_frequency v="60 MHz" />
              </enumgroup>
              <enumgroup name="Counter restart" v="On-match">
                <Period_device v="FTM1_MOD" />
                <Period v="0.1 ms" />
                <boolgroup name="Interrupt" v="Enabled">
                  <Interrupt v="INT_FTM1" />
                  <Interrupt_priority v="medium priority" />
                </boolgroup>
              </enumgroup>
              <list name="Channel list" v="0">
                <EmptySection_DummyValue />
              </list>
              <group name="Initialization">
                <Enabled_in_init__code v="yes" />
                <list name="Auto Initialization" v="1">
                  <Auto_initialization v="no" />
                </list>
                <group name="Event mask">
                  <OnCounterRestart v="Enabled" />
                  <OnChannel0 v="Disabled" />
                  <OnChannel1 v="Disabled" />
                  <OnChannel2 v="Disabled" />
                  <OnChannel3 v="Disabled" />
                  <OnChannel4 v="Disabled" />
                  <OnChannel5 v="Disabled" />
                  <OnChannel6 v="Disabled" />
                  <OnChannel7 v="Disabled" />
                </group>
              </group>
              <list name="CPU clock/configuration selection (included)" v="1">
                <group name="CPU clock/configuration selection">
                  <Clock_configuration_0 v="This component enabled" />
                  <Clock_configuration_1 v="This component disabled" />
                  <Clock_configuration_2 v="This component disabled" />
                  <Clock_configuration_3 v="This component disabled" />
                  <Clock_configuration_4 v="This component disabled" />
                  <Clock_configuration_5 v="This component disabled" />
                  <Clock_configuration_6 v="This component disabled" />
                  <Clock_configuration_7 v="This component disabled" />
                </group>
              </list>
            </Properties>
            <Methods>
              <Init v="generate code" />
              <Deinit v="generate code" />
              <Enable v="generate code" />
              <Disable v="generate code" />
              <SetEventMask v="don&amp;apos;t generate code" />
              <GetEventMask v="don&amp;apos;t generate code" />
              <GetEventStatus v="don&amp;apos;t generate code" />
              <SelectInputFrequency v="don&amp;apos;t generate code" />
              <GetInputFrequencyReal v="don&amp;apos;t generate code" />
              <GetInputFrequency v="don&amp;apos;t generate code" />
              <SetPeriodTicks v="don&amp;apos;t generate code" />
              <GetPeriodTicks v="don&amp;apos;t generate code" />
              <ResetCounter v="don&amp;apos;t generate code" />
              <GetCounterValue v="don&amp;apos;t generate code" />
              <SetOffsetTicks v="don&amp;apos;t generate code" />
              <GetOffsetTicks v="don&amp;apos;t generate code" />
              <GetCaptureValue v="don&amp;apos;t generate code" />
              <SelectOutputAction v="don&amp;apos;t generate code" />
              <SelectCaptureEdge v="don&amp;apos;t generate code" />
              <ConnectPin v="don&amp;apos;t generate code" />
              <SetOperationMode v="don&amp;apos;t generate code" />
              <GetDriverState v="don&amp;apos;t generate code" />
            </Methods>
            <Events>
              <Event_module_name v="Events" />
              <event name="OnCounterRestart" v="generate code">
                <Event_procedure_name v="RTOSCNTRLDD1_OnCounterRestart" />
              </event>
              <event name="OnChannel0" v="don&amp;apos;t generate code" />
              <event name="OnChannel1" v="don&amp;apos;t generate code" />
              <event name="OnChannel2" v="don&amp;apos;t generate code" />
              <event name="OnChannel3" v="don&amp;apos;t generate code" />
              <event name="OnChannel4" v="don&amp;apos;t generate code" />
              <event name="OnChannel5" v="don&amp;apos;t generate code" />
              <event name="OnChannel6" v="don&amp;apos;t generate code" />
              <event name="OnChannel7" v="don&amp;apos;t generate code" />
            </Events>
          </inhrbean>
        </boolgroup>
        <boolgroup name="non-LDD" v="Disabled" />
      </boolgroup>
      <group name="Scheduler">
        <boolgroup name="ColdFire V1" v="Disabled" />
        <boolgroup name="ColdFire V2" v="Disabled" />
        <boolgroup name="Kinetis" v="Enabled">
          <ARM_Family v="Cortex M4F" />
          <Floating_Point_Support v="yes" />
          <Max_SysCall_Interrupt_Priority v="5" />
          <RTOS_Interrupt_Priority v="15" />
          <Lowest_Interrupt_Priority v="15" />
          <Compiler_Optimization_Level v="0" />
          <boolgroup name="SysTick" v="Enabled">
            <Core_Clock v="yes" />
          </boolgroup>
          <boolgroup name="Low Power Timer" v="Disabled" />
        </boolgroup>
        <boolgroup name="non-LDD SWI" v="Disabled" />
        <Preemptive v="yes" />
        <Use_Co_Routines v="no" />
        <Idle_should_yield v="yes" />
        <Task_Name_Length v="12" />
        <Minimal_Stack_Size v="200" />
        <Maximum_Priorities v="6" />
        <Maximum_Coroutine_Priorities v="2" />
        <Stackoverflow_checking_method v="Method 1" />
        <Cleanup_Resources v="yes" />
      </group>
      <group name="Ticks">
        <boolgroup name="Tickless Idle Mode" v="Disabled" />
        <Tick_Rate__Hz_ v="1000" />
        <Use_16bit_ticks v="no" />
        <boolgroup name="non-LDD Tick" v="Disabled" />
        <boolgroup name="LDD Tick" v="Disabled" />
      </group>
      <group name="Queues">
        <Queue_Registry_Size v="0" />
        <Queue_Sets v="no" />
      </group>
      <group name="Semaphores and Mutexes">
        <Use_Mutexes v="yes" />
        <Use_Recursive_Mutexes v="yes" />
      </group>
      <boolgroup name="Timers" v="Disabled" />
      <group name="Memory">
        <Memory_Allocation_Scheme v="Scheme 2" />
        <boolgroup name="User Heap Section" v="Disabled" />
        <Total_Heap_Size v="20480" />
      </group>
      <boolgroup name="Shell" v="Enabled">
        <Shell v="CLS1" />
      </boolgroup>
      <Utility v="UTIL1" />
    </Properties>
    <Methods>
      <xTaskCreate v="generate code" />
      <vTaskDelete v="don&amp;apos;t generate code" />
      <vTaskStartScheduler v="generate code" />
      <vTaskEndScheduler v="don&amp;apos;t generate code" />
      <vTaskSuspend v="generate code" />
      <vTaskSuspendAll v="generate code" />
      <vTaskResume v="generate code" />
      <xTaskResumeAll v="generate code" />
      <xTaskResumeFromISR v="generate code" />
      <vTaskStepTick v="don&amp;apos;t generate code" />
      <taskYIELD v="generate code" />
      <taskENTER_CRITICAL v="generate code" />
      <taskEXIT_CRITICAL v="generate code" />
      <taskDISABLE_INTERRUPTS v="generate code" />
      <taskENABLE_INTERRUPTS v="generate code" />
      <vTaskDelay v="generate code" />
      <vTaskDelayUntil v="generate code" />
      <uxTaskPriorityGet v="generate code" />
      <vTaskPrioritySet v="generate code" />
      <xTaskGetTickCount v="generate code" />
      <xTaskGetTickCountFromISR v="generate code" />
      <xSemaphoreCreateRecursiveMutex v="generate code" />
      <xSemaphoreTakeRecursive v="generate code" />
      <xSemaphoreGiveRecursive v="generate code" />
      <xSemaphoreCreateMutex v="generate code" />
      <xSemaphoreTake v="generate code" />
      <xSemaphoreGive v="generate code" />
      <vSemaphoreCreateBinary v="generate code" />
      <xSemaphoreCreateCounting v="generate code" />
      <xSemaphoreGiveFromISR v="generate code" />
      <xSemaphoreTakeFromISR v="generate code" />
      <vSemaphoreDelete v="generate code" />
      <xSemaphoreGetMutexHolder v="generate code" />
      <pvPortMalloc v="generate code" />
      <vPortFree v="generate code" />
      <xPortGetFreeHeapSize v="generate code" />
      <vTaskSetApplicationTaskTag v="don&amp;apos;t generate code" />
      <xTaskGetApplicationTaskTag v="don&amp;apos;t generate code" />
      <xTaskCallApplicationTaskHook v="don&amp;apos;t generate code" />
      <xTaskGetCurrentTaskHandle v="don&amp;apos;t generate code" />
      <xTaskGetIdleTaskHandle v="don&amp;apos;t generate code" />
      <pcTaskGetTaskName v="don&amp;apos;t generate code" />
      <eTaskGetState v="don&amp;apos;t generate code" />
      <xTaskGetSchedulerState v="generate code" />
      <vTaskList v="generate code" />
      <uxTaskGetStackHighWaterMark v="generate code" />
      <uxTaskGetNumberOfTasks v="generate code" />
      <vTaskGetRunTimeStats v="generate code" />
      <uxQueueMessagesWaiting v="generate code" />
      <uxQueueMessagesWaitingfromISR v="generate code" />
      <xQueueCreate v="generate code" />
      <vQueueDelete v="generate code" />
      <xQueueReset v="generate code" />
      <xQueueSendToBack v="generate code" />
      <xQueueSendToFront v="generate code" />
      <xQueueReceive v="generate code" />
      <xQueueOverwrite v="generate code" />
      <xQueueOverwriteFromISR v="generate code" />
      <xQueuePeek v="generate code" />
      <xQueuePeekFromISR v="generate code" />
      <xQueueSendToBackFromISR v="generate code" />
      <xQueueSendToFrontFromISR v="generate code" />
      <xQueueReceiveFromISR v="generate code" />
      <vQueueAddToRegistry v="generate code" />
      <vQueueUnregisterQueue v="generate code" />
      <xQueueIsQueueFullFromISR v="generate code" />
      <xQueueIsQueueEmptyFromISR v="generate code" />
      <xQueueCreateSet v="don&amp;apos;t generate code" />
      <xQueueAddToSet v="don&amp;apos;t generate code" />
      <xQueueRemoveFromSet v="don&amp;apos;t generate code" />
      <xQueueSelectFromSet v="don&amp;apos;t generate code" />
      <xQueueSelectFromSetFromISR v="don&amp;apos;t generate code" />
      <xEventGroupCreate v="generate code" />
      <xEventGroupWaitBits v="generate code" />
      <xEventGroupSetBits v="generate code" />
      <xEventGroupSetBitsFromISR v="generate code" />
      <xEventGroupClearBits v="generate code" />
      <xEventGroupClearBitsFromISR v="generate code" />
      <xEventGroupGetBits v="generate code" />
      <xEventGroupGetBitsFromISR v="generate code" />
      <xEventGroupSync v="generate code" />
      <ParseCommand v="generate code" />
      <Init v="generate code" />
    </Methods>
    <Events>
      <Event_module_name v="Events" />
      <event name="vApplicationStackOverflowHook" v="generate code">
        <Event_procedure_name v="FRTOS1_vApplicationStackOverflowHook" />
      </event>
      <event name="vApplicationTickHook" v="generate code">
        <Event_procedure_name v="FRTOS1_vApplicationTickHook" />
      </event>
      <event name="vApplicationIdleHook" v="generate code">
        <Event_procedure_name v="FRTOS1_vApplicationIdleHook" />
      </event>
      <event name="vApplicationMallocFailedHook" v="generate code">
        <Event_procedure_name v="FRTOS1_vApplicationMallocFailedHook" />
      </event>
      <event name="vOnPreSleepProcessing" v="don&amp;apos;t generate code" />
      <event name="vOnPostSleepProcessing" v="don&amp;apos;t generate code" />
    </Events>
  </Bean>
  <Bean name="UTIL1" type="Utility">
    <Enabled v="Y" />
    <Properties>
      <Component_name v="UTIL1" />
    </Properties>
    <Methods>
      <strcpy v="generate code" />
      <strcat v="generate code" />
      <chcat v="generate code" />
      <Num8sToStr v="generate code" />
      <Num8uToStr v="generate code" />
      <Num16sToStr v="generate code" />
      <Num16uToStr v="generate code" />
      <Num32uToStr v="generate code" />
      <Num32sToStr v="generate code" />
      <Num16sToStrFormatted v="generate code" />
      <Num16uToStrFormatted v="generate code" />
      <Num32uToStrFormatted v="generate code" />
      <Num32sToStrFormatted v="generate code" />
      <strcatNum8u v="generate code" />
      <strcatNum8s v="generate code" />
      <strcatNum16u v="generate code" />
      <strcatNum16s v="generate code" />
      <strcatNum32u v="generate code" />
      <strcatNum32s v="generate code" />
      <strcatNum16uFormatted v="generate code" />
      <strcatNum16sFormatted v="generate code" />
      <strcatNum32uFormatted v="generate code" />
      <strcatNum32sFormatted v="generate code" />
      <strcatNum8Hex v="generate code" />
      <strcatNum16Hex v="generate code" />
      <strcatNum24Hex v="generate code" />
      <strcatNum32Hex v="generate code" />
      <strcatNum32sDotValue100 v="generate code" />
      <IsLeapYear v="generate code" />
      <WeekDay v="generate code" />
      <ReadEscapedName v="generate code" />
      <xatoi v="generate code" />
      <ScanDate v="generate code" />
      <ScanTime v="generate code" />
      <ScanDecimal8uNumber v="generate code" />
      <ScanDecimal8sNumber v="generate code" />
      <ScanDecimal16uNumber v="generate code" />
      <ScanDecimal16sNumber v="generate code" />
      <ScanDecimal32uNumber v="generate code" />
      <ScanDecimal32sNumber v="generate code" />
      <ScanHex8uNumber v="generate code" />
      <ScanHex8uNumberNoPrefix v="generate code" />
      <ScanHex16uNumber v="generate code" />
      <ScanHex32uNumber v="generate code" />
      <ScanSeparatedNumbers v="generate code" />
      <strcmp v="generate code" />
      <strncmp v="generate code" />
      <strFind v="generate code" />
      <strtailcmp v="generate code" />
      <strlen v="generate code" />
      <strCutTail v="generate code" />
    </Methods>
    <Events>
      <EmptySection_DummyValue />
    </Events>
  </Bean>
  <Bean name="CLS1" type="Shell">
    <Enabled v="Y" />
    <Properties>
      <Component_name v="CLS1" />
      <Echo v="no" />
      <Prompt v="&amp;quot;CMD&amp;gt; &amp;quot;" />
      <Project_Name v="K22 Robot" />
      <Silent_Mode_Prefix v="#" />
      <boolgroup name="Blocking Send" v="Disabled" />
      <Status_Colon_Pos v="13" />
      <Help_Semicolon_Pos v="26" />
      <boolgroup name="Multi Command" v="Disabled" />
      <Utility v="UTIL1" />
      <boolgroup name="Default Serial" v="Enabled">
        <Console_Interface v="USB1" />
      </boolgroup>
      <Serial_Semaphore v="no" />
      <Critical_Section v="CS1" />
    </Properties>
    <Methods>
      <PrintPrompt v="generate code" />
      <SendNum8u v="generate code" />
      <SendNum8s v="generate code" />
      <SendNum16u v="generate code" />
      <SendNum16s v="generate code" />
      <SendNum32u v="generate code" />
      <SendNum32s v="generate code" />
      <SendStr v="generate code" />
      <SendData v="generate code" />
      <PrintStatus v="generate code" />
      <ParseCommand v="generate code" />
      <ReadLine v="generate code" />
      <PrintCommandFailed v="generate code" />
      <IterateTable v="generate code" />
      <SetStdio v="generate code" />
      <GetStdio v="generate code" />
      <RequestSerial v="generate code" />
      <ReleaseSerial v="generate code" />
      <ReadAndParseWithCommandTable v="generate code" />
      <ParseWithCommandTable v="generate code" />
      <GetSemaphore v="generate code" />
      <SendStatusStr v="generate code" />
      <SendHelpStr v="generate code" />
      <ReadChar v="generate code" />
      <SendChar v="generate code" />
      <KeyPressed v="generate code" />
      <Init v="generate code" />
      <Deinit v="generate code" />
    </Methods>
    <Events>
      <EmptySection_DummyValue />
    </Events>
  </Bean>
  <Bean name="USB1" type="FSL_USB_Stack">
    <Enabled v="Y" />
    <Properties>
      <Component_name v="USB1" />
      <Freescale_USB_Stack_Version v="v4.1.1" />
      <inhrbean type="Init_USB_OTG">
        <Enabled v="Y" />
        <Template v="Init_USB_OTG_VAR0" />
        <Properties>
          <Component_name v="USB0" />
          <Device v="USB0" />
          <group name="Settings">
            <Clock_gate v="Enabled" />
            <group name="Clock settings">
              <group name="Clock divider">
                <Clock_divider_source v="PLL/FLL clock" />
                <Clock_divider_input_frequency v="120 MHz" />
                <Clock_divider_fraction v="multiply by 2" />
                <Clock_divider_divisor v="divide by 5" />
              </group>
              <Module_clock_source v="Clock divider output" />
              <Module_clock_frequency v="48 MHz" />
            </group>
            <group name="Pull-up/pull-down settings">
              <Weak_pulldowns v="Enabled" />
              <Pull_up_pull_down_control v="Mode dependent" />
              <D__pull_up v="Disabled" />
              <D__pull_down v="Disabled" />
              <D__pull_down v="Disabled" />
              <D__pull_up_for_non_OTG_mode v="Disabled" />
            </group>
            <group name="Endpoints">
              <group name="EP0">
                <Direct_low_speed v="Disabled" />
                <Retry v="Enabled" />
                <Setup_transfers v="Enabled" />
                <Handshake v="Disabled" />
                <Rx_transfer v="Disabled" />
                <Tx_transfer v="Disabled" />
                <Force_stall v="Disabled" />
              </group>
              <group name="EP1">
                <Setup_transfers v="Enabled" />
                <Handshake v="Disabled" />
                <Rx_transfer v="Disabled" />
                <Tx_transfer v="Disabled" />
                <Force_stall v="Disabled" />
              </group>
              <group name="EP2">
                <Setup_transfers v="Enabled" />
                <Handshake v="Disabled" />
                <Rx_transfer v="Disabled" />
                <Tx_transfer v="Disabled" />
                <Force_stall v="Disabled" />
              </group>
              <group name="EP3">
                <Setup_transfers v="Enabled" />
                <Handshake v="Disabled" />
                <Rx_transfer v="Disabled" />
                <Tx_transfer v="Disabled" />
                <Force_stall v="Disabled" />
              </group>
              <group name="EP4">
                <Setup_transfers v="Enabled" />
                <Handshake v="Disabled" />
                <Rx_transfer v="Disabled" />
                <Tx_transfer v="Disabled" />
                <Force_stall v="Disabled" />
              </group>
              <group name="EP5">
                <Setup_transfers v="Enabled" />
                <Handshake v="Disabled" />
                <Rx_transfer v="Disabled" />
                <Tx_transfer v="Disabled" />
                <Force_stall v="Disabled" />
              </group>
              <group name="EP6">
                <Setup_transfers v="Enabled" />
                <Handshake v="Disabled" />
                <Rx_transfer v="Disabled" />
                <Tx_transfer v="Disabled" />
                <Force_stall v="Disabled" />
              </group>
              <group name="EP7">
                <Setup_transfers v="Enabled" />
                <Handshake v="Disabled" />
                <Rx_transfer v="Disabled" />
                <Tx_transfer v="Disabled" />
                <Force_stall v="Disabled" />
              </group>
              <group name="EP8">
                <Setup_transfers v="Enabled" />
                <Handshake v="Disabled" />
                <Rx_transfer v="Disabled" />
                <Tx_transfer v="Disabled" />
                <Force_stall v="Disabled" />
              </group>
              <group name="EP9">
                <Setup_transfers v="Enabled" />
                <Handshake v="Disabled" />
                <Rx_transfer v="Disabled" />
                <Tx_transfer v="Disabled" />
                <Force_stall v="Disabled" />
              </group>
              <group name="EP10">
                <Setup_transfers v="Enabled" />
                <Handshake v="Disabled" />
                <Rx_transfer v="Disabled" />
                <Tx_transfer v="Disabled" />
                <Force_stall v="Disabled" />
              </group>
              <group name="EP11">
                <Setup_transfers v="Enabled" />
                <Handshake v="Disabled" />
                <Rx_transfer v="Disabled" />
                <Tx_transfer v="Disabled" />
                <Force_stall v="Disabled" />
              </group>
              <group name="EP12">
                <Setup_transfers v="Enabled" />
                <Handshake v="Disabled" />
                <Rx_transfer v="Disabled" />
                <Tx_transfer v="Disabled" />
                <Force_stall v="Disabled" />
              </group>
              <group name="EP13">
                <Setup_transfers v="Enabled" />
                <Handshake v="Disabled" />
                <Rx_transfer v="Disabled" />
                <Tx_transfer v="Disabled" />
                <Force_stall v="Disabled" />
              </group>
              <group name="EP14">
                <Setup_transfers v="Enabled" />
                <Handshake v="Disabled" />
                <Rx_transfer v="Disabled" />
                <Tx_transfer v="Disabled" />
                <Force_stall v="Disabled" />
              </group>
              <group name="EP15">
                <Setup_transfers v="Enabled" />
                <Handshake v="Disabled" />
                <Rx_transfer v="Disabled" />
                <Tx_transfer v="Disabled" />
                <Force_stall v="Disabled" />
              </group>
            </group>
            <group name="Buffer descriptor table">
              <External_object_declaration v="extern uint8 g_Mem[];" />
              <Address v="((uint32)&amp;amp;g_Mem[0])" />
            </group>
            <SOF_threshold v="0" />
          </group>
          <group name="Pins">
            <boolgroup name="Alternate clock source" v="Disabled" />
            <boolgroup name="SOF output" v="Disabled" />
            <boolgroup name="Data plus" v="Enabled">
              <Pin v="USB0_DP" />
            </boolgroup>
            <boolgroup name="Data minus" v="Enabled">
              <Pin v="USB0_DM" />
            </boolgroup>
          </group>
          <group name="Interrupts">
            <group name="USB">
              <Interrupt v="INT_USB0" />
              <Interrupt_request v="Disabled" />
              <Interrupt_priority v="0 (Highest)" />
              <ISR_Name v="USB_ISR" />
              <Stall v="Enabled" />
              <Attach v="Enabled" />
              <Resume v="Enabled" />
              <Sleep v="Enabled" />
              <Token_OK v="Enabled" />
              <Start_of_frame v="Enabled" />
              <Error_interrupt v="Enabled" />
              <USB_reset v="Enabled" />
              <Asynchronous_Resume_interrupt v="Enabled" />
              <group name="Error interrupts">
                <Bit_stuff_error v="Disabled" />
                <DMA_error v="Disabled" />
                <Bus_turnaround_timeout v="Disabled" />
                <Data_length_error v="Disabled" />
                <CRC16_error v="Disabled" />
                <CRC5_or_EOF v="Disabled" />
                <PID_error v="Disabled" />
              </group>
              <group name="OTG interrupts ">
                <ID_pin_changed v="Disabled" />
                <_1_ms_interrupt v="Disabled" />
                <Line_stage_change v="Disabled" />
                <Session_valid v="Disabled" />
                <_B__session_end v="Disabled" />
                <_A__bus_valid v="Disabled" />
              </group>
            </group>
          </group>
          <group name="Initialization">
            <enumgroup name="Mode" v="Device">
              <EmptySection_DummyValue />
            </enumgroup>
            <USB_transceiver_suspend_state v="Enabled" />
            <Call_Init_method v="yes" />
          </group>
        </Properties>
        <Methods>
          <Init v="generate code" />
        </Methods>
        <Events>
          <EmptySection_DummyValue />
        </Events>
      </inhrbean>
      <Device_Class v="CDC Device" />
      <boolgroup name="CDC Device" v="Enabled">
        <inhrbean type="FSL_USB_CDC_Device">
          <Enabled v="Y" />
          <Properties>
            <Component_name v="CDC1" />
            <CPU v="Kinetis K22F120" />
            <boolgroup name="CDC Settings" v="Enabled">
              <_inf_ClassGuid v="4D36E978-E325-11CE-BFC1-08002BE10318" />
              <_inf_VID v="9476" />
              <_inf_PID v="768" />
              <_inf_PRVDR v="Freescale" />
              <_inf_MFGNAME v="My Company" />
              <_inf_DESCRIPTION v="Freescale CDC Device" />
              <_inf_SERVICE v="Virtual Com Driver" />
              <Bus_reported_device v="FSL CDC DEVICE  " />
              <Bus_reported_vendor v="FREESCALE INC.              " />
            </boolgroup>
            <inhrbean type="RingBuffer">
              <Enabled v="Y" />
              <Properties>
                <Component_name v="Tx1" />
                <Reentrant v="yes" />
                <Critical_Section v="CS1" />
                <Buffer_Size v="64" />
                <Element_Size v="1 Byte" />
              </Properties>
              <Methods>
                <Clear v="generate code" />
                <Put v="generate code" />
                <Get v="generate code" />
                <NofElements v="generate code" />
                <NofFreeElements v="generate code" />
                <Init v="generate code" />
              </Methods>
              <Events>
                <Event_module_name v="Events" />
                <event name="OnBufferFull" v="don&amp;apos;t generate code" />
                <event name="OnBufferEmpty" v="don&amp;apos;t generate code" />
              </Events>
            </inhrbean>
            <inhrbean type="RingBuffer">
              <Enabled v="Y" />
              <Properties>
                <Component_name v="Rx1" />
                <Reentrant v="yes" />
                <Critical_Section v="CS1" />
                <Buffer_Size v="64" />
                <Element_Size v="1 Byte" />
              </Properties>
              <Methods>
                <Clear v="generate code" />
                <Put v="generate code" />
                <Get v="generate code" />
                <NofElements v="generate code" />
                <NofFreeElements v="generate code" />
                <Init v="generate code" />
              </Methods>
              <Events>
                <Event_module_name v="Events" />
                <event name="OnBufferFull" v="don&amp;apos;t generate code" />
                <event name="OnBufferEmpty" v="don&amp;apos;t generate code" />
              </Events>
            </inhrbean>
            <boolgroup name="Use Timeout" v="Disabled" />
          </Properties>
          <Methods>
            <ClearRxBuffer v="generate code" />
            <ClearTxBuffer v="generate code" />
            <GetFreeInTxBuf v="generate code" />
            <GetCharsInTxBuf v="generate code" />
            <GetCharsInRxBuf v="generate code" />
            <GetChar v="generate code" />
            <RecvChar v="generate code" />
            <SendChar v="generate code" />
            <SendString v="generate code" />
            <SendBlock v="generate code" />
            <PutBufferChecked v="generate code" />
            <App_Callback v="generate code" />
            <Notify_Callback v="generate code" />
            <App_Task v="generate code" />
            <Init v="generate code" />
          </Methods>
          <Events>
            <Event_module_name v="Events" />
            <event name="OnError" v="don&amp;apos;t generate code" />
          </Events>
        </inhrbean>
      </boolgroup>
      <boolgroup name="CDC Host" v="Disabled" />
      <boolgroup name="HID Keyboard Device" v="Disabled" />
      <boolgroup name="HID Mouse Device" v="Disabled" />
      <boolgroup name="MSD Host" v="Disabled" />
      <DATA_BUFF_SIZE v="64" />
      <group name="Initialization">
        <Use_USB_Stack_Inititalization v="yes" />
        <Call_Init_Method v="yes" />
      </group>
    </Properties>
    <Methods>
      <Init v="generate code" />
    </Methods>
    <Events>
      <Event_module_name v="Events" />
      <event name="OnError" v="don&amp;apos;t generate code" />
    </Events>
  </Bean>
  <Bean name="BT1" type="Bluetooth_EGBT">
    <Enabled v="Y" />
    <Properties>
      <Component_name v="BT1" />
      <Firmware v="HC06" />
      <Response_timeout__ms_ v="650" />
      <boolgroup name="CMD Pin" v="Disabled" />
      <boolgroup name="State Pin" v="Disabled" />
      <boolgroup name="Shell" v="Enabled">
        <Shell v="CLS1" />
      </boolgroup>
      <group name="Interfaces">
        <Utility v="UTIL1" />
        <Wait v="WAIT1" />
        <inhrbean type="AsynchroSerial">
          <Enabled v="Y" />
          <Template v="Serial" />
          <Properties>
            <Component_name v="Serial1" />
            <Channel v="UART0" />
            <boolgroup name="Interrupt service/event" v="Enabled">
              <Interrupt_RxD v="INT_UART0_RX_TX" />
              <Interrupt_RxD_priority v="medium priority" />
              <Interrupt_TxD v="INT_UART0_RX_TX" />
              <Interrupt_TxD_priority v="medium priority" />
              <Interrupt_Error v="INT_UART0_ERR" />
              <Interrupt_Error_priority v="medium priority" />
              <Input_buffer_size v="64" />
              <Output_buffer_size v="64" />
              <group name="Handshake">
                <boolgroup name="CTS" v="Disabled" />
                <boolgroup name="RTS" v="Disabled" />
              </group>
            </boolgroup>
            <group name="Settings">
              <Parity v="none" />
              <Width v="8 bits" />
              <Stop_bit v="1" />
              <boolgroup name="Receiver" v="Enabled">
                <RxD v="PTA1/UART0_RX/FTM0_CH6/JTAG_TDI/EZP_DI" />
              </boolgroup>
              <boolgroup name="Transmitter" v="Enabled">
                <TxD v="PTA2/UART0_TX/FTM0_CH7/JTAG_TDO/TRACE_SWO/EZP_DO" />
              </boolgroup>
              <Baud_rate v="9600 baud" />
              <Break_signal v="Disabled" />
              <Wakeup_condition v="Idle line wakeup" />
              <Transmitter_output v="Not inverted" />
              <Receiver_input v="Not inverted" />
              <Stop_in_wait_mode v="no" />
              <Idle_line_mode v="starts after start bit" />
              <Break_generation_length v="Short" />
            </group>
            <group name="Initialization">
              <Enabled_in_init__code v="yes" />
              <Events_enabled_in_init_ v="yes" />
            </group>
            <group name="CPU clock/speed selection">
              <High_speed_mode v="This component enabled" />
              <Low_speed_mode v="This component disabled" />
              <Slow_speed_mode v="This component disabled" />
            </group>
            <group name="Referenced components">
              <inhrbean type="Serial_LDD">
                <Enabled v="Y" />
                <Properties>
                  <Component_name v="ASerialLdd1" />
                  <Device v="UART0" />
                  <boolgroup name="Interrupt service/event" v="Enabled">
                    <Interrupt_RxD v="INT_UART0_RX_TX" />
                    <Interrupt_RxD_priority v="medium priority" />
                    <Interrupt_TxD v="INT_UART0_RX_TX" />
                    <Interrupt_TxD_priority v="medium priority" />
                    <Interrupt_Error v="INT_UART0_ERR" />
                    <Interrupt_Error_priority v="medium priority" />
                  </boolgroup>
                  <group name="Settings">
                    <Data_width v="8 bits" />
                    <Parity v="None" />
                    <Stop_bits v="1" />
                    <Loop_mode v="Normal" />
                    <Baud_rate v="9600 baud" />
                    <Wakeup_condition v="Idle line wakeup" />
                    <Stop_in_wait_mode v="no" />
                    <Idle_line_mode v="Starts after start bit" />
                    <Transmitter_output v="Not inverted" />
                    <Receiver_input v="Not inverted" />
                    <Break_generation_length v="10/11 bits" />
                    <boolgroup name="Receiver" v="Enabled">
                      <RxD v="PTA1/UART0_RX/FTM0_CH6/JTAG_TDI/EZP_DI" />
                    </boolgroup>
                    <boolgroup name="Transmitter" v="Enabled">
                      <TxD v="PTA2/UART0_TX/FTM0_CH7/JTAG_TDO/TRACE_SWO/EZP_DO" />
                    </boolgroup>
                    <enumgroup name="Flow control" v="None">
                      <EmptySection_DummyValue />
                    </enumgroup>
                  </group>
                  <group name="Initialization">
                    <Enabled_in_init__code v="yes" />
                    <list name="Auto Initialization" v="1">
                      <Auto_initialization v="no" />
                    </list>
                    <group name="Event mask">
                      <OnBlockSent v="Enabled" />
                      <OnBlockReceived v="Enabled" />
                      <OnTxComplete v="Disabled" />
                      <OnError v="Enabled" />
                      <OnBreak v="Enabled" />
                    </group>
                  </group>
                  <list name="CPU clock/configuration selection (included)" v="1">
                    <group name="CPU clock/configuration selection">
                      <Clock_configuration_0 v="This component enabled" />
                      <Clock_configuration_1 v="This component disabled" />
                      <Clock_configuration_2 v="This component disabled" />
                      <Clock_configuration_3 v="This component disabled" />
                      <Clock_configuration_4 v="This component disabled" />
                      <Clock_configuration_5 v="This component disabled" />
                      <Clock_configuration_6 v="This component disabled" />
                      <Clock_configuration_7 v="This component disabled" />
                    </group>
                  </list>
                </Properties>
                <Methods>
                  <Init v="generate code" />
                  <Deinit v="don&amp;apos;t generate code" />
                  <Enable v="don&amp;apos;t generate code" />
                  <Disable v="don&amp;apos;t generate code" />
                  <SendBlock v="generate code" />
                  <ReceiveBlock v="generate code" />
                  <CancelBlockTransmission v="don&amp;apos;t generate code" />
                  <CancelBlockReception v="don&amp;apos;t generate code" />
                  <GetError v="generate code" />
                  <GetSentDataNum v="don&amp;apos;t generate code" />
                  <GetReceivedDataNum v="don&amp;apos;t generate code" />
                  <GetTxCompleteStatus v="don&amp;apos;t generate code" />
                  <SetEventMask v="don&amp;apos;t generate code" />
                  <GetEventMask v="don&amp;apos;t generate code" />
                  <SelectBaudRate v="don&amp;apos;t generate code" />
                  <GetSelectedBaudRate v="don&amp;apos;t generate code" />
                  <SetParity v="don&amp;apos;t generate code" />
                  <GetParity v="don&amp;apos;t generate code" />
                  <SetDataWidth v="don&amp;apos;t generate code" />
                  <GetDataWidth v="don&amp;apos;t generate code" />
                  <SetStopBitLength v="don&amp;apos;t generate code" />
                  <GetStopBitLength v="don&amp;apos;t generate code" />
                  <SetLoopMode v="don&amp;apos;t generate code" />
                  <GetLoopMode v="don&amp;apos;t generate code" />
                  <GetStats v="don&amp;apos;t generate code" />
                  <ClearStats v="don&amp;apos;t generate code" />
                  <SendBreak v="don&amp;apos;t generate code" />
                  <GetBreak v="don&amp;apos;t generate code" />
                  <TurnTxOn v="don&amp;apos;t generate code" />
                  <TurnTxOff v="don&amp;apos;t generate code" />
                  <TurnRxOn v="don&amp;apos;t generate code" />
                  <TurnRxOff v="don&amp;apos;t generate code" />
                  <ConnectPin v="don&amp;apos;t generate code" />
                  <Main v="don&amp;apos;t generate code" />
                  <SetOperationMode v="don&amp;apos;t generate code" />
                  <GetDriverState v="don&amp;apos;t generate code" />
                </Methods>
                <Events>
                  <Event_module_name v="Events" />
                  <event name="OnBlockReceived" v="generate code">
                    <Event_procedure_name v="ASerialLdd1_OnBlockReceived" />
                  </event>
                  <event name="OnBlockSent" v="generate code">
                    <Event_procedure_name v="ASerialLdd1_OnBlockSent" />
                  </event>
                  <event name="OnBreak" v="generate code">
                    <Event_procedure_name v="ASerialLdd1_OnBreak" />
                  </event>
                  <event name="OnError" v="generate code">
                    <Event_procedure_name v="ASerialLdd1_OnError" />
                  </event>
                  <event name="OnTxComplete" v="don&amp;apos;t generate code" />
                </Events>
              </inhrbean>
            </group>
          </Properties>
          <Methods>
            <Enable v="don&amp;apos;t generate code" />
            <Disable v="don&amp;apos;t generate code" />
            <EnableEvent v="don&amp;apos;t generate code" />
            <DisableEvent v="don&amp;apos;t generate code" />
            <RecvChar v="generate code" />
            <SendChar v="generate code" />
            <RecvBlock v="generate code" />
            <SendBlock v="generate code" />
            <ClearRxBuf v="generate code" />
            <ClearTxBuf v="generate code" />
            <CharsInRxBuf v="don&amp;apos;t generate code" />
            <GetCharsInRxBuf v="generate code" />
            <CharsInTxBuf v="don&amp;apos;t generate code" />
            <GetCharsInTxBuf v="generate code" />
            <SetBaudRateMode v="don&amp;apos;t generate code" />
            <GetError v="don&amp;apos;t generate code" />
            <GetBreak v="don&amp;apos;t generate code" />
            <SetBreak v="don&amp;apos;t generate code" />
            <TurnTxOn v="don&amp;apos;t generate code" />
            <TurnTxOff v="don&amp;apos;t generate code" />
            <TurnRxOn v="don&amp;apos;t generate code" />
            <TurnRxOff v="don&amp;apos;t generate code" />
            <LoopMode v="don&amp;apos;t generate code" />
            <ConnectPin v="don&amp;apos;t generate code" />
          </Methods>
          <Events>
            <Event_module_name v="Events" />
            <event name="BeforeNewSpeed" v="don&amp;apos;t generate code" />
            <event name="AfterNewSpeed" v="don&amp;apos;t generate code" />
            <event name="OnError" v="don&amp;apos;t generate code" />
            <event name="OnRxChar" v="don&amp;apos;t generate code" />
            <event name="OnRxCharExt" v="don&amp;apos;t generate code" />
            <event name="OnTxChar" v="don&amp;apos;t generate code" />
            <event name="OnFullRxBuf" v="don&amp;apos;t generate code" />
            <event name="OnFreeTxBuf" v="don&amp;apos;t generate code" />
            <event name="OnBreak" v="don&amp;apos;t generate code" />
            <event name="OnTxComplete" v="don&amp;apos;t generate code" />
          </Events>
        </inhrbean>
      </group>
    </Properties>
    <Methods>
      <Init v="generate code" />
      <Deinit v="generate code" />
      <GetLastError v="generate code" />
      <GetErrorString v="generate code" />
      <SendATCommand v="generate code" />
      <StdCmd v="generate code" />
      <StdOKCmd v="generate code" />
      <QueryString v="generate code" />
      <btTestUART v="generate code" />
      <btResetDevice v="don&amp;apos;t generate code" />
      <btQueryFirmwareVersionStr v="generate code" />
      <btRestoreFactoryDefault v="don&amp;apos;t generate code" />
      <btQueryBluetoothAddressStr v="don&amp;apos;t generate code" />
      <btQueryDeviceName v="don&amp;apos;t generate code" />
      <btSetDeviceName v="generate code" />
      <btQueryRemoteBluetoothDeviceName v="don&amp;apos;t generate code" />
      <btQueryRole v="don&amp;apos;t generate code" />
      <btSetRole v="don&amp;apos;t generate code" />
      <btQueryCoDStr v="don&amp;apos;t generate code" />
      <btSetCoDStr v="don&amp;apos;t generate code" />
      <btQueryIACStr v="don&amp;apos;t generate code" />
      <btSetIACStr v="don&amp;apos;t generate code" />
      <btQueryIAMStr v="don&amp;apos;t generate code" />
      <btSetIAMStr v="don&amp;apos;t generate code" />
      <btQueryPairingPasskey v="don&amp;apos;t generate code" />
      <btSetPairingPasskey v="generate code" />
      <btQueryUARTParametersStr v="don&amp;apos;t generate code" />
      <btSetUARTParameterStr v="don&amp;apos;t generate code" />
      <btSetBaud v="generate code" />
      <btQueryConnectionMethod v="don&amp;apos;t generate code" />
      <btSetConnectionMethod v="don&amp;apos;t generate code" />
      <btQueryBindingBluetoothAddress v="don&amp;apos;t generate code" />
      <btSetBindingBluetoothStr v="don&amp;apos;t generate code" />
      <btQueryLEDOutputPolarityStr v="don&amp;apos;t generate code" />
      <btSetLEDOutputPolarityStr v="don&amp;apos;t generate code" />
      <btSetUserPinIO v="don&amp;apos;t generate code" />
      <btSetMultipleUserIOPins v="don&amp;apos;t generate code" />
      <btQueryMultipleUserIOPinsStr v="don&amp;apos;t generate code" />
      <btQueryMultipleUserIOPins v="don&amp;apos;t generate code" />
      <btQueryScanningParametersStr v="don&amp;apos;t generate code" />
      <btSetScanningParameterStr v="don&amp;apos;t generate code" />
      <btQuerySNIFFParametersStr v="don&amp;apos;t generate code" />
      <btSetSNIFFParameterStr v="don&amp;apos;t generate code" />
      <btQuerySecurityEncryptionModesStr v="don&amp;apos;t generate code" />
      <btSetSecurityEncryptionModesStr v="don&amp;apos;t generate code" />
      <btDeleteAuthenticatedDeviceFromListStr v="don&amp;apos;t generate code" />
      <btFindDeviceFromAuthenticatedDeviceListStr v="don&amp;apos;t generate code" />
      <btQueryTotalNumberOfDeviceFromAuthenticationListStr v="don&amp;apos;t generate code" />
      <btQueryTotalNumberOfDeviceFromAuthenticationList v="don&amp;apos;t generate code" />
      <btQueryMostRecentlyUsedAuthenticatedDevice v="don&amp;apos;t generate code" />
      <btQueryCurrentStateOfDeviceStr v="don&amp;apos;t generate code" />
      <ParseCommand v="generate code" />
      <RecvChar v="generate code" />
      <SendChar v="generate code" />
      <GetCharsInRxBuf v="generate code" />
      <StdIOKeyPressed v="generate code" />
      <StdIOReadChar v="generate code" />
      <StdIOSendChar v="generate code" />
    </Methods>
    <Events>
      <EmptySection_DummyValue />
    </Events>
  </Bean>
</PE_PROJECT_SETTINGS_DOCUMENTATION>

